tier,locationLon,locationLat,xps,main_image_path,eng_cat,tags_count
1,-5.776668800000039,40.1112793,1000,data_main/002b3c1f-37f0-4d36-84d4-2d7132f83fe7/main.jpg,Mid,5
2,-3.7144721714750144,40.41045692716875,250,data_main/005fe23a-7f9e-4a57-a24a-1e9a6f1c1702/main.jpg,High,1
1,-3.711619974229129,40.40671367192122,800,data_main/00761a42-1b02-42f3-b2b2-211ffd985118/main.jpg,High,13
3,-3.714566685108879,40.41298439281315,150,data_main/0089bb20-c132-496c-b215-1986fcfa9d4b/main.jpg,High,0
2,-3.65262452151644,40.45075556104791,600,data_main/00f483bf-a5a2-4009-bc67-b9f3f2e73488/main.jpg,Low,13
1,-3.700926972454831,40.4257331392528,900,data_main/00fa60a5-e811-4dc6-9c95-7c1938678277/main.jpg,Mid,10
1,-92.93376,18.0017922,1000,data_main/010e40bf-ec41-4494-a670-00af7f40ebbd/main.jpg,Low,3
2,-3.699693697942533,40.44204451855193,250,data_main/0123a69b-13ac-4b65-a5d5-71a95560cff5/main.jpg,High,0
1,-6.064495999999963,37.4127852,1000,data_main/01b8d584-4453-4151-bce3-431c60814662/main.jpg,Mid,4
2,-3.712595448820414,40.44420091117868,700,data_main/01caa1f2-b036-4e99-add1-c9a5ae3b8dea/main.jpg,Low,13
1,-3.712636145349408,40.42683759373693,900,data_main/01efb07c-34cb-489b-8078-e1e3fb9c5407/main.jpg,High,10
1,-3.727822373257623,40.43966478861165,500,data_main/023fc1bf-a1cd-4b9f-af78-48792ab1a294/main.jpg,Mid,0
1,114.58284372023776,38.14240130157928,1000,data_main/02812142-c94b-4af9-9fe7-155323924e25/main.jpg,Mid,4
1,-3.7168897187354406,40.42427471312992,500,data_main/029ecec3-11c4-49ce-b3c0-0ba911578f80/main.jpg,High,0
2,-3.769967015074472,40.3807270904772,700,data_main/02cbbb29-0a64-400a-a623-7af4f5ca5088/main.jpg,Low,13
2,-3.717824681166584,40.48245495343956,600,data_main/0383b506-5ce7-4e6b-9002-b8a5d6572f05/main.jpg,High,13
1,-10.536717037024346,51.77279034078592,1000,data_main/03931736-9127-4aae-9c69-600690b5ac54/main.jpg,High,6
2,-3.681440293157008,40.41978743788123,600,data_main/03998931-a8de-4585-8f6b-0dc727e2a192/main.jpg,Low,13
2,-3.6907052671427607,40.4347685298448,600,data_main/03c5c1a2-0827-491e-82ba-5ce9c24bd4b7/main.jpg,Low,10
1,-8.813055555555556,42.5135,1000,data_main/04042e2c-65d2-4202-a315-e89e9f4b66dc/main.jpg,Mid,10
2,-3.690812349242732,40.4409458682937,250,data_main/045d3b2e-4dd5-4da1-a294-ea9ee22f64e4/main.jpg,Low,0
2,-3.690961221037852,40.42637058868903,700,data_main/0464f526-a2df-4d81-956b-34426e6bb3e0/main.jpg,Mid,10
2,-3.762097422985464,40.448713343630445,700,data_main/046e9973-5f03-462f-ad3b-c80491d14403/main.jpg,High,12
1,-73.987393,40.746331,1000,data_main/047fda89-e949-41b7-af1f-df07acfa8159/main.jpg,Mid,5
2,-3.702045729504309,40.42021381353114,700,data_main/04af6b3c-e694-4fec-a173-3dd97085437d/main.jpg,High,10
1,-3.901604700000007,50.5806266,1000,data_main/04be145b-f73e-41aa-9332-d1702684dc53/main.jpg,Mid,4
1,25.54939139695898,45.35537398351872,1000,data_main/04c4b257-4285-411a-a07a-9987378d993e/main.jpg,High,5
3,-3.704719649535845,40.38918824660656,500,data_main/04fa9dc2-f2a8-4254-9100-99c3594f1497/main.jpg,Low,13
2,-3.700373464615154,40.44209227424258,600,data_main/051834d5-3a83-4d91-a654-7f3c647dd8c0/main.jpg,Low,13
2,-3.711735269622898,40.41877607529163,600,data_main/054ed717-e497-4a6f-a6f7-c296cfbb71d6/main.jpg,Low,13
1,-3.690896360408497,40.42348808542784,800,data_main/0561f524-090d-479d-93c7-0b534db50650/main.jpg,Low,13
1,19.0624765,47.4911983,1000,data_main/05756cfb-35a2-4214-a56c-0f9dde40687c/main.jpg,High,4
1,-3.707461754435032,40.41051539606835,500,data_main/05e629dc-1bde-4078-8898-730c039f4ab0/main.jpg,High,2
1,-7.594333333333333,43.66444444444444,1000,data_main/06087d9d-2bc1-49ef-9498-235c396d6ecd/main.jpg,Mid,10
1,-0.0906299000000672,51.51230588484592,1000,data_main/060c7567-ef4a-4f09-9607-a4e3c2d4ad5c/main.jpg,Mid,6
1,-3.727153502688964,40.43267440621962,800,data_main/06181b90-58e4-40fe-bd3e-a0b4e96f0873/main.jpg,High,12
1,-7.362888888888889,43.42791666666666,1000,data_main/06beafaa-2a36-4f66-831b-507b860d1e79/main.jpg,Mid,10
1,-3.712927052732882,40.414975858382746,800,data_main/06c561e7-5cf8-420e-8d5d-462932bfc896/main.jpg,High,10
2,-58.392913026565566,-34.58742946259159,250,data_main/06cbec5c-f9fa-4ad7-aacf-5c1ced963097/main.jpg,High,1
2,-3.719998772058356,40.41884303920882,600,data_main/073aae6c-d37a-4c7d-a787-9ad128e4d10b/main.jpg,Mid,12
1,142.53211622392575,-10.687855036954002,1000,data_main/073d93c9-fb92-4bbf-a453-5358033df658/main.jpg,Mid,5
2,-3.7166601520445215,40.425232154155225,700,data_main/07569fda-b1f1-42cb-a850-ad464bf7a3e5/main.jpg,Low,13
2,-3.708577977039153,40.42230899265851,600,data_main/07594393-5db0-4504-972c-8a593ad7140d/main.jpg,High,10
2,-3.7147293508847015,40.40987468819365,700,data_main/0768e624-cfa2-4446-9e59-6a91ef3c9734/main.jpg,Low,13
1,-3.7120464504524775,40.42145885159915,800,data_main/07db8e82-1967-409e-9cdf-f87bc9178d65/main.jpg,High,10
2,-3.63886019826325,40.3869942626264,600,data_main/07ee926e-f872-4ded-90bf-4214f3072949/main.jpg,Low,13
2,2.644689347075731,39.57047598574714,250,data_main/0812c128-d506-4ded-9db8-2bace29d10c9/main.jpg,Low,0
2,-3.706217444920123,40.420900008680086,600,data_main/0826be60-8416-4043-abe7-dbcb395fbe54/main.jpg,High,10
1,-7.957194444444444,42.15166666666666,1000,data_main/086504ea-2688-4951-88e8-437ccdba6220/main.jpg,High,10
1,-3.694763739726428,40.41595949991231,750,data_main/087cd8b5-a7b9-4dfe-8ecf-8c24758cf3e9/main.jpg,Low,1
2,-3.700776749697362,40.42026644620261,600,data_main/087daad4-820d-46e2-98b4-dd1136239d0d/main.jpg,Low,10
2,-3.7113243462276166,40.41445426481868,600,data_main/08c43859-c439-4923-ae0f-86137de48ee7/main.jpg,High,10
2,-3.659683946771514,40.37425557538388,600,data_main/08f2b072-b35b-42e2-bd2c-a3f980565ff9/main.jpg,Low,13
1,-4.016008699999929,39.859074,1000,data_main/094aab84-36be-49df-baa0-0de97b964036/main.jpg,Mid,3
2,-3.679396782860836,40.41115978352367,600,data_main/09bbd277-a53d-4aca-820e-e244329a81ae/main.jpg,Low,13
2,-3.618237688656712,40.44339738737497,600,data_main/09ca9fc9-b3ba-4da6-82b1-bdf2f0d2252f/main.jpg,High,13
2,-3.69224631322885,40.42408361556673,600,data_main/09ff6b3a-a3e5-451f-9fcc-671a95962507/main.jpg,Mid,10
1,-3.6886790540386696,40.41528506739523,800,data_main/0a155039-fcdc-4f38-8e56-66e61b6de949/main.jpg,Mid,13
2,-3.762097422985464,40.448713343630445,600,data_main/0a1ce3cb-0f58-4f88-ac2c-4e500ee7ea54/main.jpg,Mid,12
1,-8.022472222222223,43.03861111111111,1000,data_main/0a27eef8-f4ea-4b70-9377-41ce2d7c49eb/main.jpg,High,10
1,-3.6879219226850832,40.419640944261374,800,data_main/0a38b518-b847-4d6a-9f24-39e7c8c1b386/main.jpg,Low,13
1,-6.224997022753882,40.46574260000002,1000,data_main/0a559e6f-d8c0-4e09-af85-da925e4ed7a4/main.jpg,Low,4
2,-3.681532395264785,40.42119268639031,700,data_main/0a8c4e8c-caa8-4a79-bd77-a27d7cd792f4/main.jpg,Low,12
1,-3.693141504307064,40.41482596602272,900,data_main/0a8cbd00-c1aa-47f8-ab77-0120e4f85200/main.jpg,High,10
2,-3.709008238044509,40.42174779477392,600,data_main/0a99d67f-cb87-49d7-8332-54690debcc76/main.jpg,High,10
2,-3.714213898691306,40.42020223558045,700,data_main/0adc7254-0087-4097-ba46-aee77760e918/main.jpg,Low,13
2,-3.6876813257295855,40.416849571553215,700,data_main/0b185e47-2e51-41f3-a976-55e9dca384a9/main.jpg,Low,13
1,-3.600413300000014,37.1750293,1000,data_main/0b5369bf-9681-4133-a73b-f48045b497d8/main.jpg,Mid,4
1,-3.7260783546310408,40.44379500767658,800,data_main/0b5d0bfe-774b-46ff-a4f4-697e143b88f3/main.jpg,Low,13
1,-2.890517,38.972496,1000,data_main/0b6e785b-c995-48a6-a9bd-dd4ceb5eb8d0/main.jpg,Mid,4
2,-3.6858556431608087,40.41697753391118,700,data_main/0b8f1b25-a20e-4491-b2e7-d815b03bdbc1/main.jpg,Low,13
1,-7.918861111111111,41.924416666666666,1000,data_main/0bb262c6-24d2-4ba7-8ca5-75769aa8ba09/main.jpg,High,10
3,-3.6887279173756617,40.3749781496676,400,data_main/0c2942cc-f9ca-419d-a583-ca69ef253866/main.jpg,Low,13
1,-8.829555555555554,43.41686111111111,1000,data_main/0c338b69-2d9d-4dbb-9387-7523ecac4347/main.jpg,Mid,10
3,-3.676909763532325,40.41231852130818,500,data_main/0c533115-a2cf-4933-8b08-ec4621b33eb1/main.jpg,Mid,13
1,-3.722905128200874,40.41395000086607,800,data_main/0c5984f8-8741-476e-bd38-2c117229037a/main.jpg,Mid,13
1,-7.095277777777778,42.57441666666667,1000,data_main/0c7b3905-c397-4486-b611-816479e79d17/main.jpg,High,10
1,-3.664412496380416,40.45266022625637,800,data_main/0ca719d0-bb94-41e6-bc78-414e536f76bb/main.jpg,High,12
1,-2.134361983991994,43.26822008952131,1000,data_main/0cb20632-8e1d-4153-b122-9a8a90883caa/main.jpg,High,5
1,-8.03663888888889,43.34052777777778,1000,data_main/0cb47b23-d7d0-40a8-b264-de48b0d977ca/main.jpg,Low,10
1,2.6425605423273697,39.571221882112894,500,data_main/0cf31f9f-b731-4e80-a237-37c74bc5a5af/main.jpg,Low,0
1,-6.264239799999999,38.4764407,1000,data_main/0cf76eb8-96c7-41f0-8a7a-1ca5a3d63898/main.jpg,High,5
2,-3.707321986517039,40.41493828105907,600,data_main/0d24ba91-c0ba-4c39-a03c-ab46694aac30/main.jpg,Mid,10
1,-3.712348739846992,40.41882635128095,800,data_main/0d89ded5-670b-4407-85c9-ac3c284e97ad/main.jpg,Low,13
1,-3.722773406728326,40.41396526110986,800,data_main/0d9d2fca-d066-4a93-bdcd-a78580db4c21/main.jpg,High,10
2,-3.702057563376446,40.373366445969,600,data_main/0e2c8536-710d-4716-a1d6-26733be59953/main.jpg,Low,13
1,12.515602700000043,41.8912519,1000,data_main/0e48b874-3f28-47dd-97f6-d76c26c8230a/main.jpg,High,6
1,-8.216083333333332,43.31722222222223,1000,data_main/0e4f4b44-9c40-43f9-b6ff-498c0ecd6410/main.jpg,High,10
3,-3.688248806283227,40.43818164141852,100,data_main/0e6c3e28-ba7f-4111-bbff-1e05cd8c51c7/main.jpg,High,0
2,-3.705250586686131,40.440059089440375,600,data_main/0eefead9-05e9-4c04-9f7a-818071744fb0/main.jpg,Low,10
1,13.631233164279138,45.08329126658677,1000,data_main/0f112c27-d7df-42c3-8872-3bd7476f51e5/main.jpg,Mid,4
2,-3.700310150544718,40.41960260462519,600,data_main/0f93e556-f394-4af5-9607-bf531fba61c8/main.jpg,High,10
1,-1.5119005622279929,37.867861265552094,1000,data_main/0fa87ff5-e222-4aa2-90ff-6a0c028ff250/main.jpg,Mid,2
1,-3.235102900000016,40.4721752,1000,data_main/10096fe1-fc30-44c9-9652-d3908270def9/main.jpg,Low,3
2,-3.6798397318576814,40.416526576315135,600,data_main/1017ad99-8626-4bd9-83d0-4cdf7da3a221/main.jpg,Low,13
2,-3.7126774084733696,40.44298464158624,600,data_main/10694896-0f59-4ab5-99a3-45bf00ed81da/main.jpg,Low,13
2,-3.664152630364104,40.44302323474031,600,data_main/107a0a53-6dca-4008-9547-61234271cff8/main.jpg,Low,13
1,-7.3221944444444444,42.69638888888888,1000,data_main/10853969-c11d-41bb-8a2a-3700bad20e2f/main.jpg,High,10
1,-7.619972222222223,42.50830555555556,1000,data_main/10a1f02d-d2ce-426e-97b7-78b185480c5e/main.jpg,High,10
1,-2.6603675593994467,42.74930503650128,1000,data_main/10aa0a53-4991-4175-b588-e6fb87acb5e1/main.jpg,High,1
2,2.6602215987312885,39.57495603253038,250,data_main/10f4e19c-ba7f-4f73-9b7c-84a2241abb96/main.jpg,Low,0
1,-9.018472222222224,42.96263888888889,1000,data_main/112c4433-7d62-49ab-8346-5ec4aeb9ce59/main.jpg,Mid,10
2,-3.707315633210165,40.42446087205427,700,data_main/1133ece9-28ef-47ce-ab8e-74af767246d2/main.jpg,Low,13
2,-3.712994319712841,40.4152187560347,600,data_main/114aefe5-4097-4ddf-bd4c-c67759f53458/main.jpg,Low,13
1,7.684316512828104,45.06843935846688,1000,data_main/11a60a18-32b2-4c68-9a19-83cb29c7f61b/main.jpg,High,3
2,-3.6795050611324815,40.43012318506013,600,data_main/11b8c857-7b76-4fb6-9206-67506b6fa76b/main.jpg,Low,13
1,-8.54525,42.88063888888889,1000,data_main/11f74849-69c1-4094-8aa7-78ea148c845f/main.jpg,Mid,10
1,14.56449090000001,36.8810019,1000,data_main/12803406-e0d2-494a-a58f-64ce2b2ddda4/main.jpg,High,4
1,-7.820666666666666,43.00719444444445,1000,data_main/12e5c5fd-e0c1-46cc-9934-bfdad183898a/main.jpg,High,10
2,-3.7012980862961937,40.41371371069302,700,data_main/13057e31-e3dc-4756-bb94-c9641330f5ea/main.jpg,High,10
2,-3.662906398275001,40.42178709315221,700,data_main/1318745d-2b62-4e22-85b5-069b686728ec/main.jpg,Mid,10
1,-7.631083333333334,42.2325,1000,data_main/131c2ee8-d675-4a78-a831-a8cd721b992e/main.jpg,Mid,10
2,-3.7036670070208766,40.40804163281316,600,data_main/1345ca8e-1193-4c4d-9d28-9fcff390dd21/main.jpg,Low,13
1,-3.698208506745914,40.41509304986818,1000,data_main/13534377-9477-4cef-85c3-b399dda89944/main.jpg,High,6
2,-3.737400954732419,40.38465108691511,600,data_main/138c30a3-5b7b-4354-a834-f3ae5126c050/main.jpg,High,13
1,-3.6928558489990113,40.4214493254896,800,data_main/140ebbef-efd5-40aa-84fe-1b3a89ec2934/main.jpg,High,10
1,3.823764552722423,40.05023076718352,1000,data_main/14255a92-8f71-4cb9-88f8-fd760d6ae7b9/main.jpg,Mid,3
2,-3.71084907791347,40.42305180954051,600,data_main/145d08e6-fe67-4647-a180-aa22ac93b6c5/main.jpg,High,10
1,-3.690190864784378,40.42366347102459,800,data_main/146f87bb-0974-4e3f-8607-bdb1add4c498/main.jpg,Low,13
1,-8.705,42.43138888888889,1000,data_main/14848fbc-e406-4d1a-9739-340caa9d7ba5/main.jpg,Mid,10
2,-3.70790571351788,40.421150945618855,600,data_main/1484e201-708a-407d-b65a-e3d2f81e2cbd/main.jpg,Mid,10
1,-3.710250837641945,40.41324464343417,900,data_main/149a007d-214f-4e32-8394-dcc3f4de4699/main.jpg,Mid,10
1,-3.6901217052513657,40.4238170374952,800,data_main/14ac40e8-08c2-4342-83bd-f5093b4365f9/main.jpg,Low,13
1,-3.7156419506353418,40.4148060002036,800,data_main/14b1637d-36f8-438d-98cd-5d5776b30269/main.jpg,High,13
1,-3.690523026519969,40.41435651796935,900,data_main/14c6e1cc-ac5a-4204-86e8-108761f4923f/main.jpg,High,10
2,-3.727804097245147,40.43215353317974,700,data_main/14db94f7-754f-4439-ad7a-066694f58583/main.jpg,Low,13
3,-3.7022602821339614,40.34636485036636,500,data_main/15117e1e-176d-4533-8ddd-2c40dbe29aff/main.jpg,Low,13
1,35.4514944,30.322003,1000,data_main/155510e3-40c9-4c41-b30e-1faa62e63a51/main.jpg,High,5
2,-3.6984626119946418,40.46463774627806,600,data_main/159bfd27-9c73-47d9-a880-622d6df1ffbf/main.jpg,Low,13
2,-3.695771913945168,40.434467876370206,600,data_main/15bcbc67-48da-4706-8089-8c9cf546726a/main.jpg,Low,10
1,-3.714236043158858,40.42006696326565,900,data_main/1604e91e-8ea3-48d3-8088-65fc54bb707c/main.jpg,Low,13
1,34.696860000000015,40.234529,1000,data_main/16413c4a-409a-4110-970e-5cc3a805ac1c/main.jpg,High,3
1,23.521674591789747,46.77495788018732,1000,data_main/16804c6a-1298-4f56-9250-bebae4d179ee/main.jpg,Mid,8
2,-3.691086023295237,40.41091933282684,600,data_main/169030dd-83e4-424d-b60e-fb331f3c9f1a/main.jpg,Mid,13
2,-3.691016699006383,40.42142429655837,700,data_main/169aca40-e2a3-4a2d-9beb-5a4797a10573/main.jpg,Mid,10
1,-3.7157588747442656,40.39779539202881,800,data_main/16e55308-29ba-4061-badc-1de73abe75ce/main.jpg,High,12
3,-3.70286847944282,40.423151752879534,100,data_main/16fa4d31-9633-4a10-affb-3fd1a247a9ba/main.jpg,High,0
1,-3.704587084461745,40.41721341982993,500,data_main/17235708-7d99-4d1f-8bb2-9b3bdad7ce9b/main.jpg,High,2
1,1.3899059999999963,51.3877767,1000,data_main/1728c4c3-7655-497c-b4ef-76d430ee2044/main.jpg,High,4
1,2.3324221999999963,48.8338325,1000,data_main/175ba1e3-2b8b-4175-acb4-3d1d1fb37b64/main.jpg,Mid,5
2,-3.612339282175405,40.4596514960251,600,data_main/17a7201f-efdb-4c05-af7f-47a45a542cf1/main.jpg,Low,13
2,-3.693306839089955,40.4201273588685,700,data_main/17bcfcc4-8e4e-42de-9426-e9471f4eb6a3/main.jpg,Low,13
1,-0.4081024581970496,42.14062891256805,1000,data_main/17cb7810-72dd-4d52-96fd-4db06df8baf4/main.jpg,Mid,7
1,-2.184391000000005,48.014214,1000,data_main/17dcabf2-ba4c-4778-a9eb-1ff7ced2ddef/main.jpg,Mid,4
2,-3.688140520075276,40.34270190975362,600,data_main/17f078d1-7e10-47d5-be53-90b4bd180a12/main.jpg,Low,13
1,-6.796111111111111,42.24277777777778,1000,data_main/17f68870-3e59-442d-8eab-c18a624e3f82/main.jpg,Mid,10
1,-5.982455712164324,37.415894575197854,1000,data_main/17fac423-de6a-40cb-ba3b-cd35781cdd9b/main.jpg,Mid,8
1,-7.981083333333333,41.97416666666667,1000,data_main/18106614-59c4-4a3b-bae2-f6dff761c353/main.jpg,Low,10
1,-8.876444444444445,42.44805555555556,1000,data_main/18316aa0-d8b5-418a-8d64-fb45b5a0e465/main.jpg,Mid,10
1,-0.4075115000000551,42.138534,1000,data_main/185367d6-2d67-42a3-8309-6637a76b9644/main.jpg,Mid,11
2,-3.688760015014631,40.4220683954977,600,data_main/1858493e-f994-4ee2-b3d0-b009e90cb0e2/main.jpg,High,10
1,30.0542331,51.40450320000001,1000,data_main/18fc08b8-b85c-45b0-9e8a-9adbee4e0023/main.jpg,High,3
2,-3.732459412708327,40.437439444871934,600,data_main/1912da77-aa6d-4c3d-b6d6-54999facaaf6/main.jpg,Low,12
1,-3.6926938182485287,40.425189046340655,800,data_main/1947c8c3-b561-4769-a4ed-cec568719fbb/main.jpg,Low,13
2,-3.704332612294412,40.419884476559766,600,data_main/198489c0-80a9-45eb-95b1-f42d6a79a071/main.jpg,Mid,10
1,-3.708725516958897,40.4139026548871,800,data_main/1a12b2f3-9f5b-420e-8db1-a8fea0b12936/main.jpg,Mid,10
2,-3.692252458976549,40.44178255079099,250,data_main/1a44e3f9-32fb-4298-b4bf-3fde5aef6515/main.jpg,Low,0
2,-3.701083694459614,40.42645345182625,600,data_main/1a5f3bb4-cfe5-463c-bfa9-4a5665650c65/main.jpg,Low,13
1,-8.869694444444445,41.89275,1000,data_main/1a8253c3-2bae-42ef-ae7b-9a5360721768/main.jpg,Mid,10
3,-3.6545505921254087,40.40859138408642,500,data_main/1aa39939-e746-4ad2-a332-3e1ad11a7817/main.jpg,Low,12
1,113.9917586634765,62.539135552783016,1000,data_main/1ab99e57-c26a-49d2-b067-45729fff43dc/main.jpg,High,4
1,-8.644277777777777,42.04625,1000,data_main/1acd34b5-56ce-4a29-ad7d-ac012f12cd2a/main.jpg,High,10
2,-3.659530523132044,40.3790583103064,700,data_main/1af5dd40-3acc-4804-8045-f2eff2f2964d/main.jpg,Low,13
1,-71.84823879999999,-13.4216848,1000,data_main/1b2e0825-4f3c-42e0-9a7e-8809582bf372/main.jpg,Mid,3
2,-3.725291575765517,40.43853583084271,600,data_main/1b3e8a93-3edc-4739-918f-35a80c40c3b0/main.jpg,Mid,10
2,-3.661671457060664,40.45694736555926,600,data_main/1b491282-99a3-4d45-a64c-2eb256d3a017/main.jpg,Low,13
2,-3.684551710224391,40.43211109393623,700,data_main/1b7d5261-badd-4dac-89cf-0e534a85e007/main.jpg,High,10
1,-7.663583333333333,42.42358333333333,1000,data_main/1b9006df-5b63-4609-9934-de9602d19472/main.jpg,High,10
1,-4.917666909648119,41.67627776926706,1000,data_main/1bea0dcb-ec18-4a20-bbb8-88b304dce772/main.jpg,Mid,7
1,-8.465555555555556,42.979888888888894,1000,data_main/1c101f60-1f49-4b32-908b-cfb16113a057/main.jpg,High,10
2,-3.703947963671705,40.44691311062749,250,data_main/1ca96c4f-979d-40ac-954a-ccce6bc97b96/main.jpg,Mid,0
1,14.304939500000046,42.0626167,1000,data_main/1cb24e7e-5a0c-4135-9e91-1fa2cdfe91fc/main.jpg,Mid,4
2,-3.618237688656712,40.44339738737497,600,data_main/1cc5856e-e911-451c-a7ec-f73ccd8077cf/main.jpg,Low,13
2,-3.715544138963103,40.423374198224806,700,data_main/1cd2741d-624a-4c3a-92d8-fbcc35073a78/main.jpg,Low,13
1,-7.7284444444444444,42.44633333333333,1000,data_main/1cf4a7bc-3b2a-4f7f-8046-46e0015fc9cf/main.jpg,High,10
1,-7.043416666666666,42.70944444444445,1000,data_main/1d052404-d4a7-4a28-ac8c-4bf532b161ba/main.jpg,Mid,10
2,-3.710575126386881,40.422783222706194,600,data_main/1d62fd51-5939-462d-a350-21f7d088f37e/main.jpg,Mid,10
1,-8.9325,42.75277777777778,1000,data_main/1d7cfd3c-04b1-428f-8ac3-5d0faa5303b5/main.jpg,High,10
2,-3.690835457698024,40.43786939644994,600,data_main/1dcf589c-fb68-4a12-acfd-4bf8bc3288a2/main.jpg,Low,12
1,-3.704595861391306,40.41235131224301,800,data_main/1deb2343-c7df-4f05-b500-f33d7899958c/main.jpg,Low,12
1,23.321261,42.696708,1000,data_main/1deca647-88b1-455a-8892-218fb8a5f521/main.jpg,Mid,6
3,-3.694218951186785,40.35103508970944,500,data_main/1e03b4bf-5d12-4232-a129-cf824aa88af6/main.jpg,Mid,12
2,-3.7028114644082746,40.41983067032157,700,data_main/1e0f97de-3c5e-4f74-914f-b311ce80b11c/main.jpg,Mid,10
2,-3.6983063152074473,40.41960571610798,600,data_main/1e1c6280-1e44-4c0d-9fdf-9ab09b5abab5/main.jpg,High,10
1,-8.959805555555555,42.62588888888889,1000,data_main/1e224ca5-0212-4c07-80dc-37e7477afeb3/main.jpg,High,10
1,40.411031,44.352735,1000,data_main/1e50cf89-56ba-4681-9aec-7b1056c1ea4d/main.jpg,Mid,3
2,-3.704115144651839,40.42050742476766,600,data_main/1e7acf51-4bdf-46d2-b056-64e434e05c30/main.jpg,High,10
1,15.977453100000048,45.8091486,1000,data_main/1e8e7ab4-7ce9-4064-8ba1-3df8f51cf9f3/main.jpg,High,4
2,-3.7568760907943854,40.36891250719702,600,data_main/1ede162a-cee3-4086-9698-98e6bb7eb77b/main.jpg,Mid,13
1,-3.689024082798648,40.432766597945104,800,data_main/1f524808-5886-4fbb-aa86-18250cfea8c1/main.jpg,Low,13
2,-3.699943922067412,40.41952374105568,600,data_main/1fa137bc-5e2e-4269-ba27-0427115c8278/main.jpg,Mid,10
2,-3.685772040600217,40.4371756776237,250,data_main/1fa35fff-ceb1-4431-a7f8-2281a5935de5/main.jpg,Mid,0
2,-3.740618752796217,40.38371159615876,600,data_main/1fb2de24-a4f8-4b24-bafc-eaf825cacabe/main.jpg,Low,13
2,-3.710809418427343,40.41208167798535,600,data_main/1fe8ab70-5c77-4b42-a1b9-8fe5da4d2f7c/main.jpg,Low,13
1,-3.713755451789632,40.42032218422668,800,data_main/2007f70d-430d-4974-9d3f-eca6483244d5/main.jpg,Mid,13
1,-7.713305555555555,42.34194444444445,1000,data_main/20234273-691c-4e12-859c-d716c3b38a52/main.jpg,High,10
3,-3.661791660211395,40.41509074425869,500,data_main/2032eeac-4b7f-484e-ac0c-5677beb00a81/main.jpg,Mid,13
1,-3.789825206609408,37.765178120060654,1000,data_main/204530a2-205e-4663-afc2-ed2341a5fc1c/main.jpg,High,3
1,-7.948305555555556,42.85969444444444,1000,data_main/2053e868-01b9-457d-833f-9b21d17fd15d/main.jpg,Mid,10
2,-3.711947617297519,40.418792785930165,700,data_main/2065c205-758d-4b04-9a05-4a716c9d059b/main.jpg,Low,13
1,31.97006179999994,31.0141246,1000,data_main/20725530-65cd-41fb-90cf-bddd241547c7/main.jpg,Mid,5
1,-2.6604300887695445,42.75024182627362,1000,data_main/20f39b99-2923-46cc-82b3-ba5caba23c6c/main.jpg,Mid,4
2,-3.7087584404681806,40.42153310961759,600,data_main/21244444-2ec4-46a6-811a-fb5f39f96469/main.jpg,Low,10
1,-3.689766240520929,40.42363897811159,900,data_main/212d3cf1-7694-4529-8714-59d21562147b/main.jpg,Mid,10
1,15.86377820000007,46.1646599,1000,data_main/2158b063-e0f8-428f-82b9-3aad13f0b663/main.jpg,High,3
1,-95.45384302190894,38.97155218746683,1000,data_main/2162e0ce-2494-4e31-bbd9-24c02cc2bd2c/main.jpg,High,2
1,-3.71257700000001,40.4121818,1000,data_main/2170171d-b87e-4de5-bb18-fe0ecbd555b1/main.jpg,Mid,4
3,-3.652467916455543,40.40527880765271,500,data_main/217a0440-cbc1-40bc-919f-553c031872cc/main.jpg,Mid,12
2,-3.68766715478062,40.41661542060194,700,data_main/218deeea-cf18-4c98-b071-348684150f2b/main.jpg,Low,13
1,-3.699363215525605,40.41239209144543,800,data_main/21926740-9adf-4a12-af20-e34602ae521c/main.jpg,Low,13
2,-3.708388437363429,40.42222006385312,600,data_main/21a216c0-3955-481c-a631-a40ff3b90f85/main.jpg,High,10
1,-3.712120590510485,40.41908796307495,600,data_main/21c741f5-cbe7-4ae0-a69d-b5c1622056af/main.jpg,Mid,2
2,-3.762097422985464,40.448713343630445,600,data_main/21f77455-5e31-4b88-af90-7fb459bb62ed/main.jpg,High,12
1,-3.688412123509053,40.4232789604228,900,data_main/2209e78c-4f33-4fe9-b61c-fc7763331065/main.jpg,Mid,10
1,28.62305200000003,36.825254,1000,data_main/2221116f-9f4e-42a0-9f51-e957513fcbb9/main.jpg,Mid,3
2,-3.6890686074577617,40.40975329834176,600,data_main/22302be7-965a-4c4c-8cc1-94bd18540fda/main.jpg,Low,13
2,-58.38366066339412,-34.60114675376375,250,data_main/22d0141a-1a45-4367-a5d9-8668c99e9eba/main.jpg,Mid,1
1,-4.72862340000006,41.6559938,1000,data_main/22ecc32f-4d31-4b5f-9c8e-c89d084cdd8f/main.jpg,Mid,7
1,-3.6583751790027423,40.38501991544689,800,data_main/2315c417-9711-423e-832a-336b54bb6722/main.jpg,Low,13
1,-3.6903460343352688,40.41577963261243,900,data_main/23344d03-7d37-4c6f-8d8e-01b3bc4ca8fc/main.jpg,High,10
1,-3.692858480631031,40.42285471960314,800,data_main/236449fe-ed65-41bb-a7df-52ce8cd23610/main.jpg,Mid,10
1,-9.03163888888889,42.69413888888889,1000,data_main/237901b2-e87d-4f03-86ca-a991515824f0/main.jpg,High,10
1,-8.806694444444446,42.641888888888886,1000,data_main/238423db-bcbd-4a61-ad65-d6a936465e5d/main.jpg,High,10
1,-6.590017900000021,57.44851200000001,1000,data_main/23869080-e075-47f0-bb14-a07f6c704995/main.jpg,Mid,4
3,-3.690840711792063,40.45951544307842,500,data_main/2397b9ff-04cc-409c-ae22-8a7b6f1dc0c3/main.jpg,Low,13
2,-3.686117095189224,40.44209290358351,700,data_main/23c5a9a2-6702-48e4-a456-c1a5c0fae830/main.jpg,Low,13
1,-3.696484115423368,40.4201444167358,500,data_main/23cc2b95-1286-4026-9e4f-94b8063fe74c/main.jpg,High,0
1,-3.595886599999972,37.1744317,1000,data_main/23d47d5f-c171-4259-94bf-4e67b6bb5cce/main.jpg,Mid,4
1,-3.700280011989552,40.41777541448619,800,data_main/23dd2a0f-c034-474c-ae25-5fd8115d0c42/main.jpg,Mid,10
2,-3.7098818962188425,40.41963431952157,600,data_main/23f9172a-042a-4dba-9a90-10b1e9f99bf2/main.jpg,High,10
1,-4.778260700000033,37.8820316,1000,data_main/2408cb71-840d-4bb7-b3b8-f59d24caf132/main.jpg,High,3
1,-3.707500654748957,40.42488197323086,500,data_main/240cd3d7-a327-404f-b1df-d09499a3e98b/main.jpg,High,1
1,-8.211666666666666,43.28136111111111,1000,data_main/2411bdd1-1281-4598-877e-c8c8b96864d4/main.jpg,Mid,10
3,-3.677759694915111,40.41480004144613,500,data_main/243e6204-a544-443b-afd7-cbb3d6493d24/main.jpg,Mid,13
1,-3.6958032606375104,40.42035053969978,800,data_main/24549199-144f-4710-8c03-164098bbf7d6/main.jpg,Low,13
2,-3.701204270475088,40.43953377311488,250,data_main/246ebc49-da81-470c-b297-39ae98a5cad2/main.jpg,Mid,0
2,-3.690836475609272,40.42300350744837,700,data_main/24758741-c1f1-4e82-bd7a-25cf664ea5f5/main.jpg,Low,13
1,-5.732429799999977,41.504202,1000,data_main/24879ca3-0e1c-461b-b4b7-32e8fc693d93/main.jpg,Mid,5
2,-3.722759264075397,40.405824752210414,600,data_main/24c23df3-c7a9-4435-a780-7d25991c09f9/main.jpg,Mid,13
1,158.33311819999994,6.843944599999999,1000,data_main/24f647bc-423d-43a7-ac28-9054d0aa4f0b/main.jpg,High,1
1,-8.03663888888889,43.34052777777778,1000,data_main/2508b651-a234-488b-ade5-748b039dd617/main.jpg,High,10
2,-3.706871864325038,40.412472555243646,700,data_main/2524efea-f76e-470e-904e-a7e66ab11b6c/main.jpg,High,10
1,-3.690908874907767,40.41507827018255,900,data_main/2585ecd3-d626-41ca-8551-8f0362392b1c/main.jpg,Mid,10
1,37.649326799999926,55.74173740000001,1000,data_main/26214703-b49b-418b-a5df-da53c68e5508/main.jpg,Mid,3
2,-3.6512083708814456,40.449430214643456,700,data_main/2626a7a7-67f2-4737-9a29-fcacbeba85f7/main.jpg,Low,13
1,37.91545940000003,40.9022731,1000,data_main/262fdcd7-931c-4b4f-af46-c8a1a4ea2afd/main.jpg,Low,4
2,-3.706712724523014,40.41490570853582,500,data_main/267c79f0-8baa-4370-a4ff-f5e140dc0175/main.jpg,Mid,0
1,-4.546379099999967,37.0237538,1000,data_main/268b8a6e-b055-493e-84ba-e721308a4179/main.jpg,Low,5
1,-3.692451639713872,40.41534345623286,900,data_main/268ffc56-303a-41fe-9007-cfd595334eb5/main.jpg,High,10
2,-58.38304466817885,-34.59642645612204,250,data_main/26abf2f5-2370-46e4-bbc2-05dc1124ab8c/main.jpg,High,1
2,-3.608734313777489,40.43848051081647,600,data_main/2703b3ff-7186-4a4e-bd2f-bc214b418658/main.jpg,Low,13
2,-3.734862737452558,40.383204643879424,600,data_main/273aa73f-c280-4e10-bcb4-ac582b32b4b7/main.jpg,Low,13
3,-3.69075457050506,40.34272236452972,500,data_main/277c2d19-0fa2-41c5-a467-08e9a9fea27a/main.jpg,Low,13
4,-3.6883397332489545,40.482566284007895,300,data_main/27b0dd12-d9ed-47d5-b5b4-57c30dcf0c62/main.jpg,Low,13
1,-3.68872691282157,40.41997849525109,900,data_main/27e9e822-a13f-4cb4-a3ec-3dbe1f95c1f1/main.jpg,Mid,10
1,-3.69735943308954,40.4135213170142,800,data_main/27fc7a5b-cb1e-48de-b955-98c91d562562/main.jpg,Mid,10
2,-3.710065338350866,40.42250707487777,600,data_main/2815a83f-56a4-42b8-9287-61a85bd166c9/main.jpg,Mid,10
2,-3.7043504121334334,40.4204609465012,600,data_main/282137b9-7c17-46ad-a0a4-b42edbbdc0dd/main.jpg,Mid,10
1,62.174718600000006,37.664426,1000,data_main/283bb216-841c-42de-944c-8c41bfc2bdb2/main.jpg,Mid,3
1,-3.705969762193341,40.418631243969415,900,data_main/284da6c4-4b35-496a-b257-d26823c2f353/main.jpg,Mid,10
1,-121.95104909999998,37.3183318,1000,data_main/286220e3-3692-437d-b9d7-31c359c7bc40/main.jpg,Mid,5
1,-3.704662641395728,40.419882465507165,900,data_main/286fe597-aea6-4de5-a5eb-ceb44c7afa5a/main.jpg,High,10
1,-3.6887273721734393,40.42002353772616,900,data_main/28b38407-e55d-496e-a5c8-88b0792337a0/main.jpg,High,13
2,-3.711693845304452,40.47046574313513,700,data_main/28d155e5-f526-4a5d-a8b4-e9b0b99f96de/main.jpg,Low,12
2,-3.707449796680296,40.42151409771597,600,data_main/28f666a5-55a8-4fdb-a4d4-31af97e8f5ae/main.jpg,Mid,10
2,-3.697011832367585,40.40985206511554,700,data_main/290f81d0-7419-4d4d-97f5-0fb94770be2b/main.jpg,High,10
1,34.853611,38.658333,1000,data_main/291d0a39-77b2-4f7e-957b-bbfe3d28f553/main.jpg,High,4
2,-3.760516966816687,40.38578966406212,600,data_main/293f979b-a3b4-49c1-9fca-29bcea8a9ce8/main.jpg,Low,13
2,-3.710065823431443,40.41470524513187,700,data_main/296c5099-ea94-4357-8f47-cbf83f05de06/main.jpg,Mid,10
2,-3.714546245709183,40.41486580488172,250,data_main/297257de-a00a-4e99-bd21-b3a2c529e916/main.jpg,Mid,0
1,-3.683340316324859,40.43282130489961,800,data_main/29afe254-090c-402b-856c-06cfe03c6ec4/main.jpg,Low,13
1,4.1158146000000215,39.9030093,1000,data_main/29dae332-42bd-4019-89ab-d73ead71698c/main.jpg,High,8
2,-3.6846446338833183,40.43092747841812,600,data_main/2a12acbf-8dc1-4902-8d30-564424bf19c2/main.jpg,High,10
2,-3.688015719288949,40.435197111159646,600,data_main/2a5beb18-8087-429e-a400-433bab1941d7/main.jpg,Mid,10
2,-3.720192732073492,40.43591291316115,700,data_main/2a5dab9a-6209-4d74-9a0a-c19cb71affeb/main.jpg,High,12
1,-3.687810755578041,40.43302902844069,800,data_main/2a6b8b0e-79a1-4190-b81a-0f3744eb00a5/main.jpg,Low,13
2,-3.69968450847961,40.42406586552378,600,data_main/2a7b9e94-54e1-42f3-bf0a-f16bb23973fb/main.jpg,Mid,10
1,-3.6951187818155873,40.41627549052191,500,data_main/2ab0d4c0-b264-4bfe-bdee-2e380cd3fe91/main.jpg,High,5
3,-3.6513795860893534,40.3962938791547,500,data_main/2ae36901-bd62-4829-ac87-97cabf64daef/main.jpg,Low,13
2,-3.7048779530617857,40.40098016178486,700,data_main/2ae8b853-327c-4dfa-b759-3b4bdba5d69f/main.jpg,Low,13
2,-3.698892108659167,40.41925983291224,600,data_main/2b05c31b-e45b-4fba-b8b0-f6161182623d/main.jpg,Mid,10
2,-3.732632297829558,40.4142581421895,600,data_main/2b28beb9-d517-4f4f-b600-2e1a5b30a1c1/main.jpg,High,13
3,-3.703767903824864,40.486680540701954,500,data_main/2b32ec2e-b13e-4318-acf8-6bdde241cce9/main.jpg,Low,13
2,-3.706999255921266,40.42464298783977,700,data_main/2b4d649a-88eb-4f8c-a835-f3b7af73c40d/main.jpg,Mid,10
2,-3.698402986652329,40.41869521906811,600,data_main/2b6b5a99-ab91-4729-8224-36334b6542f9/main.jpg,High,10
2,-3.706266769929261,40.419980785676174,700,data_main/2b8ce74e-1e36-4996-bd6f-af1df55fa3da/main.jpg,Mid,10
2,-3.7420263819842967,40.38852242854763,600,data_main/2bcdf704-1eee-49eb-ad37-558d31ccd678/main.jpg,Low,12
1,-9.271777777777778,42.88241666666666,1000,data_main/2c2f71b5-585f-49b3-9907-f061817fd77c/main.jpg,High,10
2,-3.597448610436219,40.45813248323402,700,data_main/2c4a9bcf-6430-4269-afff-2beef7ad637f/main.jpg,Low,12
2,-3.707977486874058,40.36950148300802,600,data_main/2c62129e-632e-4f34-9208-598d4b81bdc9/main.jpg,High,12
3,-3.670393682346232,40.471833995968574,500,data_main/2c90b428-cc58-4ff2-83ec-15431a54a1bf/main.jpg,Low,13
1,-3.7040491524953816,40.41702433535692,600,data_main/2d399e39-055a-4469-b2ef-06cfa4345560/main.jpg,Mid,1
1,-3.711410915322295,40.41990136414567,250,data_main/2d66a7af-2e64-4123-aaab-f6b33d4b2b12/main.jpg,Mid,0
2,-3.6789633851804338,40.416117309704,600,data_main/2d91943b-426e-4b86-b29c-94633ce11492/main.jpg,Low,13
3,-3.677930920125456,40.43241121926169,100,data_main/2db4f2d8-77b3-473b-95b5-60cbb4266d48/main.jpg,Low,0
1,39.04112310000005,12.0316833,1000,data_main/2e20b2a1-a207-4167-9c5c-96e4377de8be/main.jpg,Mid,4
2,-3.690617942983646,40.41585909015692,600,data_main/2e5ae2fa-81a4-47f4-b5cd-2c183979daa3/main.jpg,Low,13
2,-3.636869228338999,40.39826661985895,600,data_main/2e5c9c0f-d852-4a07-8fa7-dc0ba2cc08f5/main.jpg,Low,12
2,-3.69510336522463,40.41304841396701,700,data_main/2f224c96-92da-4ec0-a721-9b869b8bfdab/main.jpg,Low,13
1,-3.6901991587559246,40.40959397117205,600,data_main/2f3f2208-0682-4ebb-98be-79155ea07783/main.jpg,High,3
1,-3.6035577418764246,40.46432173275739,900,data_main/2f529763-0ad2-42b6-8f9b-763e721025c4/main.jpg,Low,12
1,-73.96660399999999,40.7724537,1000,data_main/2f94a01f-7689-4bd4-b5ff-68d4c28475ac/main.jpg,High,4
1,-3.714421555250647,40.41625658223311,750,data_main/2ff5bb1c-bca3-43e8-8f9d-9475cda95a32/main.jpg,Mid,0
2,-3.6945443828867504,40.42058333522924,700,data_main/301bff4d-b5ff-401a-a6e5-bbb391a4c8ea/main.jpg,Mid,10
1,-7.904027777777778,42.221944444444446,1000,data_main/3061d123-284d-4af4-b0f7-2dd14c07de6f/main.jpg,High,10
2,-3.599813930166467,40.457176794065305,600,data_main/30779412-ad7f-4405-90fe-3dc8b955e663/main.jpg,High,13
2,-3.710727883754633,40.419376868938535,600,data_main/3088775d-212b-4ec6-86b8-23e04ed7723e/main.jpg,High,10
1,-7.809416666666666,42.8925,1000,data_main/30901dde-c2c8-4057-8910-a3be55518ad0/main.jpg,Mid,10
1,-3.688359552575368,40.4244131302868,800,data_main/30f5cf23-b505-41ac-8d04-e31b9f866153/main.jpg,Low,13
1,0.0701312999999572,51.4763657,1000,data_main/31057c38-af33-46cc-95b1-341c037fec50/main.jpg,High,3
2,-3.6842487276081353,40.35022962626886,600,data_main/316ad45b-2b85-40bb-b336-fb186b01a1a9/main.jpg,Low,12
1,-9.090527777777778,42.822500000000005,1000,data_main/319fc9b1-0a34-4a12-8079-08b4bda86ca4/main.jpg,Mid,10
2,-3.688129200745717,40.41641800657534,700,data_main/31ece3f7-f1d5-4447-ac06-b6d525038ece/main.jpg,Low,13
1,12.331195999999975,45.3818788,1000,data_main/320693ed-a080-4c05-9169-529340178a3f/main.jpg,Mid,5
1,-3.68339560000004,40.4062309,1000,data_main/3212794e-6149-4169-bc67-befd4e319e4a/main.jpg,Low,5
1,46.02872669999999,39.5517299,1000,data_main/32864fbb-368d-4a70-9c2c-28e08172535d/main.jpg,Mid,3
1,-3.6857385000000704,40.4369278,1000,data_main/32921b49-ccb0-4a2f-980f-2ed046b7c89d/main.jpg,High,4
1,-90.1836311,38.9060823,1000,data_main/329722ee-f330-45b4-8865-fd522a59add1/main.jpg,High,1
1,-3.595115699999951,37.17527279999999,1000,data_main/32d68933-bbeb-49d2-a0b0-502cd34e4955/main.jpg,High,2
1,-3.724846974919971,40.426856792556805,800,data_main/33218b7f-98f8-41ca-8588-d14fb6177078/main.jpg,Mid,13
1,4.164546473541236,39.9123537969023,1000,data_main/3390d6a3-995d-4031-a038-7470a55a57b4/main.jpg,Mid,9
1,-3.5963746850609324,40.44992198672745,800,data_main/33a37bf7-16af-40a0-b03a-70df9f11a40f/main.jpg,Low,12
3,-3.711056367518515,40.34864447751845,500,data_main/33c88ec1-ba2a-4d06-a47b-4bfee2fcbe2d/main.jpg,Low,13
2,-5.99247034660563,37.3927339780288,250,data_main/33d0c64a-59ac-4094-a003-92946f73fabc/main.jpg,High,0
1,-8.705,42.51913888888889,1000,data_main/3423fba4-30cb-445a-b693-ef3d98bce7ff/main.jpg,High,10
2,-3.711639161728241,40.40674598864831,250,data_main/3448b839-b7e0-4f45-8a55-ea242c71f8dc/main.jpg,Low,1
1,40.5408516,43.48105,1000,data_main/344e31d0-0a69-4139-95cb-8279db544ccd/main.jpg,Mid,6
1,-1.5046825,52.4067998,1000,data_main/345fb196-860a-4e01-8e51-fb9649f98e60/main.jpg,Mid,1
1,-3.704647077165496,40.42290959621041,900,data_main/346551e3-14d3-4eea-b4b9-7d2d2fb9887e/main.jpg,Mid,10
1,59.192216,54.942507,1000,data_main/34682d27-894a-4955-bd8b-408a94dd3504/main.jpg,High,2
1,-7.232833333333334,42.55108333333333,1000,data_main/34e5aa39-2b7e-451f-9de4-3c1618cc05b8/main.jpg,Mid,10
1,-106.04399122695315,31.917926656405463,1000,data_main/34eb2ce4-5046-452f-a9a9-93bcbdbea28a/main.jpg,Mid,5
1,-3.68573108657129,40.43691356750085,500,data_main/3544ae90-061f-48a4-a021-42cd78336a3e/main.jpg,Low,0
3,-3.676757417458312,40.4112293170536,400,data_main/364de00e-2241-42b5-9e1c-af19ed33774e/main.jpg,Mid,12
1,38.7618125,9.0380625,1000,data_main/36aa5d4a-275e-477c-b5ad-4a708999ae1a/main.jpg,Mid,4
2,-3.6622597814331255,40.4219619708435,700,data_main/36cbdba1-45c7-4f2e-94c2-8c13986fe5b1/main.jpg,Low,13
2,-3.710548568849312,40.41465723409872,700,data_main/3730a888-b833-48d0-b3df-3424ba92ea1a/main.jpg,High,10
3,-5.99159881450664,37.3931048525138,100,data_main/380cc6d0-f50e-4f29-a8f2-e1a26381df4e/main.jpg,Mid,0
2,-3.6975618907685255,40.41943002922452,600,data_main/38129cc0-eff6-4847-b118-0b84afb09a07/main.jpg,Mid,10
2,-3.6718342742664696,40.43965048520964,700,data_main/385c1d49-7c22-4e1d-949a-b3a70d8f313a/main.jpg,High,10
1,-8.849666666666668,42.12158333333333,1000,data_main/3880206f-d1ec-40c2-b61e-5f2840bce315/main.jpg,Mid,10
2,-3.7051880312562,40.420527912725234,700,data_main/38ad4b24-30e1-4eaa-8b58-37e4ff0db8d4/main.jpg,Mid,10
2,-3.6899015811997513,40.45176091096461,600,data_main/38bab100-e582-4031-87e4-698f449d9df4/main.jpg,Low,13
1,-3.502972086230443,41.11839890606536,1000,data_main/38c0f1e2-f3fe-427e-a411-3853fb531697/main.jpg,Mid,1
1,-3.7104903956023865,40.42705402271578,800,data_main/38f11298-a72c-4e40-b9bd-792fae8915ef/main.jpg,High,13
2,-3.7010635097518216,40.44647581404366,250,data_main/38fabb43-8757-4489-88cc-1076a7011174/main.jpg,Mid,0
1,2.6099473915951417,39.55497098043264,500,data_main/38fad286-e088-4807-b541-efa876488007/main.jpg,Low,0
1,-3.6912283295168256,40.42725576857007,500,data_main/390d7d9e-e972-451c-b5e4-f494af15e788/main.jpg,High,0
1,-3.6820377650934257,40.41358568875977,900,data_main/39580892-f0d6-4b9e-8865-25bf2b5ac36b/main.jpg,High,10
1,-2.4148952000000463,42.823676,1000,data_main/3a226858-4a70-488b-a93b-3ef6f46e723e/main.jpg,Mid,4
1,2.648301,39.57022713516886,500,data_main/3a3a22de-2cbc-4091-b0a8-c6c2031499d8/main.jpg,Low,0
1,-6.779944444444444,42.273555555555554,1000,data_main/3a49d3be-66d9-4842-99a4-24f74d439d73/main.jpg,Mid,10
1,-3.692705848764729,40.4137204638882,800,data_main/3ad66e05-925b-4de9-9ed5-c02ba34d3686/main.jpg,Low,13
1,-3.9351636,37.4601457,1000,data_main/3afd99b1-13ab-444b-999d-a0e388bd4844/main.jpg,High,1
2,-3.761360271036638,40.41176029757209,700,data_main/3b47486f-ab3e-457f-898d-f334a5320de2/main.jpg,Mid,10
1,-3.970861,41.121421,1000,data_main/3b794e13-619d-4e14-9f40-e490b2a23384/main.jpg,High,4
2,-3.675231910170486,40.413076084198345,600,data_main/3bab0a2c-421e-44d7-a288-3d1a7788e254/main.jpg,Low,13
1,-7.362805555555555,43.42805555555555,1000,data_main/3bac46b0-b523-4782-9120-1cb9af296fef/main.jpg,High,10
2,-3.741173706392573,40.38059990655973,600,data_main/3bd8bb87-da3c-417e-a58d-69ba73ba8642/main.jpg,Low,12
3,-3.677746262942013,40.412286593679134,400,data_main/3bf40a42-396f-4c27-9fe8-26eb51eea2e3/main.jpg,High,13
3,-3.689367377293358,40.45310175314639,500,data_main/3c32a74b-8e5e-4845-9fd4-bd3f1054ffc2/main.jpg,Low,13
2,-3.715736900198957,40.41264324199275,700,data_main/3c3e8963-b036-4706-995e-e33015e050b7/main.jpg,High,13
2,-3.7165599011833264,40.43200253545766,600,data_main/3c528f6f-a590-4530-8c05-80bc68c45398/main.jpg,High,10
1,-3.6029201999999714,37.1805786,1000,data_main/3cb6f635-9391-40a2-9558-b3d3cc7014b9/main.jpg,Low,4
1,2.432810928836316,39.58116661730608,500,data_main/3d01e06b-3d86-4122-a8a2-100b48bcd819/main.jpg,Low,0
1,97.38487239999996,50.615271,1000,data_main/3d4ae6cd-5d53-497d-bfb2-ebf5568d58bd/main.jpg,Mid,4
1,-8.694416666666667,42.905,1000,data_main/3d9f49cd-6355-4abe-861c-6bf36e5007c9/main.jpg,High,10
2,-3.648584351393036,40.386201383306016,600,data_main/3db06773-7403-4795-b3cc-43b717af40d8/main.jpg,Low,13
2,-3.681720578008099,40.390326134927626,600,data_main/3db5437c-c600-40a7-8176-5e90fc6a03c6/main.jpg,Mid,13
1,2.17823199999998,41.382834,1000,data_main/3dbeec1c-770e-4436-8c8e-0861b57b2f51/main.jpg,Mid,8
3,-3.693549981934216,40.44553962902185,100,data_main/3def2bc5-348b-4d15-b494-ee5a16b0dd72/main.jpg,High,0
3,-3.604217980119537,40.40766716026111,500,data_main/3dfc887e-c5fc-4b9c-badd-033b96cef0f7/main.jpg,Low,13
1,15.97575489999997,45.8231405,1000,data_main/3ec33797-cb8b-476a-ac7f-444748b9aeaf/main.jpg,High,5
1,-8.23472222222222,42.57469444444445,1000,data_main/3ec651c1-dc4d-43bc-bb84-30be42e9259e/main.jpg,High,10
1,21.630589600000008,39.7217044,1000,data_main/3f17de6e-21e7-4d3a-b4ec-29c0630aebb4/main.jpg,Mid,5
1,-3.680162133022464,40.41693909639429,800,data_main/3f45df27-489c-4ed8-8c05-47c5fad1a959/main.jpg,Low,13
2,-3.712754480323668,40.433814868419205,600,data_main/3f4b0768-c955-419e-882d-295accbf0395/main.jpg,High,10
2,-3.699011971823613,40.41831315896514,700,data_main/3f5f19d3-c427-4974-a518-9cb471c71d94/main.jpg,Mid,10
1,-3.689441908502898,40.43491329886507,800,data_main/3f632708-a01a-45bd-9ca4-df2c3f2a8bd2/main.jpg,Low,13
3,-3.677416630426227,40.41232456171481,500,data_main/4031d591-25d8-42de-b638-22902f161fef/main.jpg,High,13
1,-3.692188193693138,40.41902261618159,900,data_main/40572563-ee47-49dd-8b00-929ac9f73b8d/main.jpg,High,10
1,-3.6939513782964974,40.40875801495883,900,data_main/405dd9f9-0735-43f2-b6fa-be32fc585a7a/main.jpg,Low,13
2,-3.725441604547437,40.45817141810368,700,data_main/4101bc0f-32b1-4a41-a541-b4ef40b6e993/main.jpg,High,10
1,-3.6941840979358673,40.42404593039693,500,data_main/415782a8-5bae-4950-849d-db442d602379/main.jpg,High,0
2,-3.71369949296833,40.41614233639251,700,data_main/416d1fc8-4a00-49bf-bf6e-4ed9d4e60901/main.jpg,Low,13
2,-3.6746764221304726,40.45242744242779,600,data_main/41bdfbdf-8545-4be6-b5b0-a72720625a6e/main.jpg,Mid,10
1,2.648657113491053,39.58101611071377,500,data_main/41d45862-486d-4c61-9b70-e07189f793b7/main.jpg,Low,0
1,11.629076,44.830508,1000,data_main/41e6f9fe-0edb-4547-b295-31c87ad56161/main.jpg,Mid,1
1,103.7289167,19.6093003,1000,data_main/41e9f538-4bf6-4199-b27d-70d0aefda236/main.jpg,High,5
1,-7.642499999999999,43.083333333333336,1000,data_main/41f94ec0-76d6-4ec7-b508-883f0a59f008/main.jpg,High,10
2,-3.700434184151691,40.420196449810746,600,data_main/4222e55d-6414-41a0-8d43-c3b37dad8ab2/main.jpg,High,10
1,-6.298466800000028,36.5365966,1000,data_main/423ce417-d6e3-4c0e-ae65-0932fe7da1e4/main.jpg,High,1
1,-3.703292467388078,40.42023856767548,600,data_main/4263cb1a-1d39-4c8c-83db-74b36c4c7eb7/main.jpg,High,3
1,-6.846527777777777,42.477833333333336,1000,data_main/42805f4a-2cc0-49ee-9ed3-892e1f2f52d9/main.jpg,High,10
2,-3.714797521300537,40.41074814452605,700,data_main/42b17216-1193-4520-9d72-f4cbace42fd7/main.jpg,Mid,10
2,-3.675758884303952,40.45150562521146,600,data_main/42e3dd8c-f6fb-455f-af0c-034dc420cb7a/main.jpg,Low,12
2,-3.691895581068744,40.40940997862946,600,data_main/42f470eb-3e0a-4f46-aa6e-c79b02b45760/main.jpg,Mid,13
1,-3.680148357877939,40.41791215470997,800,data_main/42fde007-f38e-456c-a113-c6155dc77600/main.jpg,High,12
1,-3.6872901788795778,40.416635680284834,800,data_main/43cac94d-6b77-43f0-aa54-21e0c5c9f20e/main.jpg,Low,13
1,-3.706766056524687,40.42038314116203,800,data_main/43ef1953-49cf-4744-850f-958aea6c1088/main.jpg,High,10
1,-3.689421897582009,40.40607338451187,800,data_main/4438bad1-6707-497e-adbb-989f5786b8cd/main.jpg,Low,13
1,38.71955300000002,14.1303769,1000,data_main/44934021-39d6-45b1-a96f-b03a2cd89573/main.jpg,Mid,5
1,-7.955444444444445,42.16558333333333,1000,data_main/44992fa7-549e-4246-9705-06752d17999a/main.jpg,High,10
1,-3.71279157523858,40.40717492595917,800,data_main/44a58920-7f9c-4f6c-ac38-cf31bb1f04b4/main.jpg,High,13
1,-7.156333333333333,43.55591666666666,1000,data_main/44c9b271-c91a-485d-9c1d-a5d6071aa6aa/main.jpg,Low,10
3,-3.680172045208873,40.42143455210893,500,data_main/44e7e481-75c0-41ed-9243-e15518fa4f53/main.jpg,High,13
2,-3.7156084528328392,40.41164403297035,600,data_main/44e8f482-8d11-4c0d-8663-ec64a053b1b6/main.jpg,Mid,10
1,-3.591681200000039,37.1786879,1000,data_main/454a75c2-5b00-4425-a79b-cc22a6f55cc2/main.jpg,Mid,1
2,-3.692219785692024,40.49503850311178,700,data_main/454cba96-d745-47a4-97ea-0870eb56083f/main.jpg,Low,13
3,-3.649975326772114,40.44996868590021,500,data_main/4564b0ea-0ac4-4e23-8326-f2958e772715/main.jpg,Low,13
1,24.968043,41.848296,1000,data_main/456ba9cf-cbbf-41df-a4a8-f348073686dd/main.jpg,Mid,3
2,-3.693010697595121,40.440945026222586,700,data_main/45d394da-0132-44ab-9ffd-4deddaf0d2e9/main.jpg,Low,13
2,-3.6604300062579873,40.37948561424417,600,data_main/463ed3f6-0413-4790-9988-7ae32a92ef2e/main.jpg,Low,13
4,-3.766524950466183,40.3784616519708,300,data_main/4663d5c0-37ed-44ee-a767-d339f0012836/main.jpg,Low,10
1,-7.303305555555555,43.56108333333333,1000,data_main/467130cc-3559-4aa4-914d-c4757cd9daa7/main.jpg,High,10
1,30.8428497,29.3084021,1000,data_main/46ab26cf-93bd-4882-a5bb-d3753185927a/main.jpg,Mid,5
2,-3.711156836883528,40.42988776711229,600,data_main/46be72a6-ddb9-4991-8b35-6ea19d5ad8db/main.jpg,Mid,10
2,-3.7002333412022166,40.42015262123508,700,data_main/46c73d2e-76d2-4111-b840-57694e1574ff/main.jpg,High,10
2,-3.662716095088456,40.38195905014272,600,data_main/46c8b406-0c59-4fe1-84dd-945e82f9ef55/main.jpg,Low,13
2,-3.6994151560693727,40.40156101774533,700,data_main/46d5c661-a3ea-4319-b852-9215911b779a/main.jpg,Low,13
2,-3.752510480692841,40.38249753936885,700,data_main/46faa240-73fe-42c1-b531-8c3524300310/main.jpg,Mid,10
1,-3.713018367020872,40.41526365294522,800,data_main/46fefea5-dfe4-45dc-8aa3-f6436fed31e2/main.jpg,High,13
1,-3.71390410926712,40.41988883272301,800,data_main/478176ed-27df-4e34-b4cc-9df998ad01ef/main.jpg,Low,13
1,-14.176913600000034,28.3460166,1000,data_main/47d46d37-982e-4258-8c4a-5df7869d7df9/main.jpg,Mid,4
1,-9.003055555555555,42.72583333333333,1000,data_main/47daace7-f4b2-4a1a-acc2-7ec31e689da6/main.jpg,Mid,10
2,-3.688211524088621,40.41682839862559,600,data_main/47fd37ed-b81a-43eb-8681-67536d5cfe21/main.jpg,Low,13
1,-9.395970199999963,38.7963826,1000,data_main/48057ac3-5306-422f-95fa-0ff0937124bb/main.jpg,High,5
1,-3.725671311444187,40.4333561301308,800,data_main/480707a8-fd23-4d02-bdcf-49b2455af19d/main.jpg,Mid,13
2,-3.714484596702272,40.41612895048959,700,data_main/48219465-6e25-4479-810b-3a09b40fe63d/main.jpg,Low,13
2,-3.690212174964136,40.44042600324054,700,data_main/48354f05-d8ee-4b48-ade8-f18335df18fb/main.jpg,High,10
1,-7.558638888888889,43.00919444444445,1000,data_main/4845424e-4740-45d1-b966-b62fbb439d9f/main.jpg,High,10
3,-3.6715706893935134,40.376745745884485,500,data_main/485384da-d076-41a3-9623-7fa00d86968c/main.jpg,Low,12
2,-3.664064345434864,40.431654354969695,700,data_main/485d4288-fe3f-4dc5-bb24-6563dd8a739d/main.jpg,Low,13
2,-3.67754499147879,40.44850481282147,600,data_main/489699d6-5ba4-4780-af95-67934010c602/main.jpg,Low,13
2,-3.65966643236332,40.37849896999379,600,data_main/48a05388-5228-4a9e-aa05-4c5935c2826a/main.jpg,Low,13
1,-3.700382632319931,40.41408863088947,900,data_main/48e81b64-7c6d-4e14-8964-79748d1ddf4b/main.jpg,Mid,10
2,-3.694028861618601,40.41373002816207,600,data_main/48e93a24-dbc2-44fa-ba68-969c0f093539/main.jpg,High,10
1,-9.018472222222224,42.96263888888889,1000,data_main/492363c1-fd7a-4104-b036-ab61fb6e6985/main.jpg,Mid,10
2,-3.710706208243318,40.42291755243886,600,data_main/495fb187-dd72-4c41-b79d-545807516afc/main.jpg,High,10
1,-8.395999999999999,43.37135,1000,data_main/4996e1e8-1bb9-4cfd-93d1-e209c1cc177f/main.jpg,Mid,10
2,-3.7105986646289137,40.40261182232879,600,data_main/49b9c79c-9cef-4590-909f-c478ef21a10c/main.jpg,Low,13
1,-3.7132442586370416,40.41841400008785,500,data_main/49c017f9-a6c1-4396-aaf4-f19fd78eff6c/main.jpg,Mid,0
1,-6.84663011443331,37.596300675011896,1000,data_main/49cb8b68-f26a-467b-a7b8-6d915dd6db01/main.jpg,High,5
2,-3.698826608774758,40.41976473508097,700,data_main/4a3a7d5c-7355-4a7e-973d-a5f3f1c38c7f/main.jpg,Mid,10
3,-3.608467218650288,40.40955211684,500,data_main/4a60e7cb-7f57-40c9-a811-1c8183a33a9b/main.jpg,Low,12
1,-9.219583333333333,43.11197222222222,1000,data_main/4a6f4494-c67f-48b4-8ce0-66b8a84a9353/main.jpg,Mid,10
2,-3.7336705444044456,40.43388221712678,600,data_main/4a8cb8f2-4bb5-4edb-9c9c-ec48fbd625c9/main.jpg,Low,13
1,-8.793888888888889,42.322500000000005,1000,data_main/4ad2949f-3935-4512-adca-82bb6ae09609/main.jpg,High,10
2,-3.690036015115312,40.399909791771385,600,data_main/4b13f6d8-af07-4a8a-b93e-ef654cb42020/main.jpg,High,10
1,10.175928500000056,24.9640371,1000,data_main/4b1673d2-b71e-4813-9ac8-fe3c2e7d480c/main.jpg,High,4
1,-3.692991948393455,40.42288442710718,500,data_main/4b290ed0-94a4-40f1-9b5c-e11c1a4bc950/main.jpg,Mid,0
1,2.6422617997129736,39.57269379553084,500,data_main/4b36a3ed-3b28-4bc7-b975-1d48b586db03/main.jpg,Low,0
2,-3.6507587941024298,40.46278617142339,600,data_main/4b3737e1-c848-481d-9b25-5aa42799356f/main.jpg,Mid,10
1,-3.614088602922122,40.46019192847343,800,data_main/4b53370e-5a2f-4354-bd5e-91e20b8451bc/main.jpg,Low,13
1,-3.6896334432334106,40.41525235141795,900,data_main/4b7590ca-882a-4d6a-8121-c483175d744c/main.jpg,Mid,10
1,-3.6958357850745487,40.41869841803745,600,data_main/4b8b38fa-78b5-4ea8-a676-1de4e2b48caa/main.jpg,Mid,3
3,-3.7642678822319913,40.406946235812505,500,data_main/4bcb3fe6-0d47-4fe9-b3bd-ca018ce5804e/main.jpg,Mid,12
2,-3.687328012742586,40.41687869965985,600,data_main/4c0ae692-ce07-4a84-aa75-33e998a2c225/main.jpg,Low,13
2,-3.7106114421853977,40.41519930383812,700,data_main/4cd73b93-660e-4b18-a47b-fb2840545c5f/main.jpg,Mid,10
1,38.923953,37.224185,1000,data_main/4cff23d5-761a-4ec5-92d6-aa91166b8f91/main.jpg,High,2
1,97.786688,0.61626,1000,data_main/4d0800fd-b502-4272-9793-8aab410dc618/main.jpg,Low,5
2,-3.713269961976083,40.415649489849166,700,data_main/4d0b7afb-d43b-47c0-8cde-449c311afe50/main.jpg,Mid,13
1,13.833001541139195,45.18283360378548,1000,data_main/4dc142ca-2699-4241-a2ad-6a544bf580fc/main.jpg,High,2
2,-3.7275130656023454,40.43249770745624,700,data_main/4dd91a2e-c674-4b03-b255-977225e09c80/main.jpg,Low,13
1,-3.701388507604293,40.41662328914285,600,data_main/4de1c063-1671-4e66-aea2-c18dfc65d9d5/main.jpg,Mid,1
1,58.416280700000016,40.1893977,1000,data_main/4e008921-1f24-42ff-9787-457fcfb17365/main.jpg,Mid,4
1,-3.692021796072817,40.41238844862556,900,data_main/4e04cf0d-2cd2-44dd-97ef-82d3e9aac229/main.jpg,High,10
2,-3.7126319020401,40.41773451270585,600,data_main/4e52ca3f-e704-485a-8277-c8b1cd526c32/main.jpg,Low,13
1,-8.12052777777778,41.93413888888889,1000,data_main/4e56dc33-70b5-4c1b-b4eb-71fe987dfebe/main.jpg,Mid,10
2,-3.685347495507372,40.39374970077287,600,data_main/4e7d5324-2cff-470e-8753-aa36ef27b96a/main.jpg,Mid,12
2,-3.7126774084733696,40.44298464158624,700,data_main/4e8fd578-9a52-4822-b4d4-88086d500536/main.jpg,Low,13
1,-8.074972222222222,42.43138888888889,1000,data_main/4ef06252-7063-4d25-9d20-5f9ce99af19e/main.jpg,Mid,10
1,-3.72283076426576,40.43673428604297,800,data_main/4ef8100e-4b64-4c19-9a53-b198a6d7bd53/main.jpg,Low,13
1,-3.703395069431184,40.41707276759449,600,data_main/4f0f97a5-aa50-4f27-b26c-72909626fb7a/main.jpg,High,4
3,-3.606012519063477,40.40186890527728,500,data_main/4f3915fc-232b-4a68-b7fb-53efd82aef5d/main.jpg,Low,13
3,-3.711831413030568,40.37083820111855,500,data_main/4f5e6131-b900-430e-9fbd-1917aaf6f8a0/main.jpg,High,12
2,-3.7253460374639378,40.43270952270272,700,data_main/4fa1a8b0-f148-4da9-890a-6880ace84d60/main.jpg,High,13
2,-3.689961993220669,40.37816902697192,600,data_main/4facc709-39d8-4c2b-a82b-8fce2bac858c/main.jpg,High,13
1,-3.708914102505888,40.42726184114275,500,data_main/4fb2888e-d7cb-4778-bee3-66eca304d17c/main.jpg,High,0
2,-3.7212765072440672,40.43803228171412,700,data_main/4fbd91b8-8a0f-421b-b696-b6642569d2bd/main.jpg,High,13
2,-3.707596703829156,40.42090959335688,600,data_main/4fed7ef0-43cc-4d79-a9f8-12f357116e4f/main.jpg,Mid,10
2,-3.688757355335097,40.45937753587715,600,data_main/4ff531c8-0fe4-4001-9fed-70f2836115af/main.jpg,Low,13
3,-3.651489872602189,40.44946738556641,500,data_main/503e2b3b-95f0-4440-8604-2faa26f2e0ec/main.jpg,Low,12
2,-3.694874905668776,40.42428273262809,700,data_main/50475876-64a2-4327-9201-7a32f5610f81/main.jpg,Low,13
1,-0.9786821000000144,37.6039271,1000,data_main/505202b4-f00e-4530-86e9-32be4ca1f5c6/main.jpg,High,3
1,16.4401613,40.3779984,1000,data_main/505ca33d-c8c2-495f-b402-b04101f9d4ca/main.jpg,Mid,1
1,11.884459399999969,42.9855466,1000,data_main/5075ee34-b37c-4197-83d6-4c261a7627d6/main.jpg,Mid,4
1,-3.712643593674597,40.41884255225387,800,data_main/50c4b11f-9a82-4d88-b635-41268c97b406/main.jpg,Low,13
2,-3.7043831000607375,40.42133462385234,600,data_main/50eb1548-e91c-48a1-a26c-6a754dfa9a35/main.jpg,High,10
1,-8.140527777777777,42.28888888888888,1000,data_main/51af0b00-7cd1-4a62-8d10-adf8ed07ada2/main.jpg,High,10
2,-3.659176242434582,40.5022552628529,600,data_main/520bc921-5504-4802-b62b-c459c4c8210e/main.jpg,High,10
2,-3.7098473981902,40.41410840749491,600,data_main/5241c15d-43f2-4af5-9a5e-c4a0fdb2eda5/main.jpg,Mid,10
3,-3.65989068515619,40.37854273611192,500,data_main/528ea5b5-2232-410a-8876-979d711551ff/main.jpg,Low,13
2,-3.7242310084765817,40.41888766423028,600,data_main/52a6c6c5-3bbe-45db-bedf-72583bd76762/main.jpg,High,13
1,-3.71284028886576,40.42630982623611,800,data_main/52c137b8-ab26-402f-ac2d-5fc83bbab098/main.jpg,High,13
2,-3.705077433155404,40.41670875457392,600,data_main/52eea70c-65fe-4281-9cbb-bf8959c828b5/main.jpg,Mid,10
1,-3.200803800000017,40.3208948,1000,data_main/539bb975-ef02-4891-aa14-f19b35b7c0c2/main.jpg,Low,4
2,-3.728100505826692,40.44870119702885,600,data_main/5425b8ba-abd1-4070-9e26-f0b6dab43094/main.jpg,Low,13
1,-8.57525,42.386944444444445,1000,data_main/546587b8-6173-4c24-afab-94e4d138178b/main.jpg,Mid,10
2,-3.6741854493802326,40.4239561130967,600,data_main/548c6d8d-bea0-460f-996a-bac08c5f939a/main.jpg,Low,13
2,-3.670639232424646,40.42178754088281,600,data_main/549c79e3-0b17-4f3a-94bc-0b30ad14e580/main.jpg,Mid,10
2,-3.684144077483903,40.47553441307802,600,data_main/54d0c12f-8a0b-446c-8ac6-d6e97f589544/main.jpg,Low,13
1,3.0061319480794984,39.90244033297389,500,data_main/54d9d3f4-630b-4800-ac25-2d4d131f91e2/main.jpg,Low,0
1,44.5488663,41.4493594,1000,data_main/550015d8-05b0-495d-93b0-0a33ebebfb3a/main.jpg,Mid,4
1,-4.542280000000005,42.31717,1000,data_main/5519ddcd-9d36-43ee-beee-41b5f6f7bd79/main.jpg,Mid,3
1,-3.660857917096204,40.42476290600173,800,data_main/552fd663-27aa-4b91-b95d-7e4104064dff/main.jpg,Low,12
1,-9.132333333333332,42.89286111111111,1000,data_main/55397137-c4f3-4dd2-a460-79ec6dad7260/main.jpg,High,10
2,-3.7035598283891886,40.416988270957496,600,data_main/557d7f32-ea1f-432d-a9b4-8f0e98055012/main.jpg,Mid,13
1,-3.7249786225882384,40.39958559881672,800,data_main/558287f7-01e7-4c36-be19-04884a1c7db8/main.jpg,Low,13
2,-3.646155575001071,40.42662313663575,700,data_main/559b16a2-ceb3-4ce6-9cde-b8eff352d000/main.jpg,Mid,10
1,-3.682406998521523,40.40579968210415,900,data_main/55c62470-c89f-413b-ac7c-c39bc1c059a8/main.jpg,High,10
3,-3.658180134775765,40.390399459193006,500,data_main/561be427-bb12-4f34-b116-f76bb9bef45d/main.jpg,Low,13
1,-4.67591342525634,40.62168648309554,1000,data_main/5639f171-5582-47c8-9553-a60007a92f31/main.jpg,Mid,4
2,-3.705638132823516,40.41396658434898,600,data_main/5647a074-d89a-4e6a-a0a8-b6a3503b8760/main.jpg,Low,13
1,12.129560999999969,55.469503,1000,data_main/565326c8-5e1e-4cfc-9068-f7f00b857bc3/main.jpg,Mid,5
2,-3.660857917096204,40.42476290600173,600,data_main/56717f5f-5357-40ef-a9a3-6d8049e03ea9/main.jpg,Low,12
1,-3.657299519032924,40.37617007716607,800,data_main/569b8f12-baac-432f-aab1-4e282aa38d3c/main.jpg,High,13
2,-3.7050756479788833,40.419924992685935,600,data_main/56c6a916-4629-4e04-b444-25debbb5d4e2/main.jpg,Mid,10
2,-3.681532395264785,40.42119268639031,600,data_main/56d8137c-6bca-4010-ab6f-cc0c06f7d9cc/main.jpg,Low,12
1,-4.381475427192538,43.15053351834192,1000,data_main/571d33c5-6304-4466-bffc-b87e66bf2552/main.jpg,High,1
1,-7.86875,43.76877777777778,1000,data_main/5727e9ee-414d-4b89-a8c1-aa8e7796c024/main.jpg,Mid,10
1,-3.697805082819389,40.392292737187496,500,data_main/572ba9bf-663e-44df-9d63-611f290893fd/main.jpg,Mid,0
2,-3.757466901167237,40.47860017015228,600,data_main/57646df4-eb95-41d3-b3d9-52d0fdd9da63/main.jpg,High,10
1,-8.446805555555557,42.80813888888888,1000,data_main/5767ba56-6fd9-4057-a01d-d763c7166279/main.jpg,High,10
1,-3.712112723898967,40.4188007781277,800,data_main/576b9862-ddec-475c-9b2b-c8134eccc345/main.jpg,Low,13
2,-3.69944766764916,40.41940962687557,600,data_main/5785cd3e-28e4-4b55-9dc1-3e6aec070260/main.jpg,Mid,10
2,-3.761360271036638,40.41176029757209,600,data_main/57b8f245-aa3c-4a0a-9c40-388ca45aa102/main.jpg,Low,12
2,-3.7049639867882593,40.4205202700433,600,data_main/57c6b7c4-cd3e-4815-aa1c-4caaefe401a1/main.jpg,Mid,10
1,13.848450400000049,44.9604479,1000,data_main/58585b7d-5dbf-4782-9b70-4272aca771a3/main.jpg,High,4
1,-3.690477024013053,40.433202323795065,900,data_main/587023e8-2dfc-495e-af95-0e79296607e0/main.jpg,High,10
1,5.57150230000002,50.6404139,1000,data_main/58745658-7676-4b0b-bee4-6f72bbc06b04/main.jpg,Low,4
2,-3.681532395264785,40.42119268639031,700,data_main/587d1ef6-764a-480d-8734-31e94c6b0c92/main.jpg,Low,12
2,-3.697578292926501,40.43286115363137,600,data_main/587f0e67-7b97-4a57-b1bc-63537f3e6b5c/main.jpg,Low,13
1,-7.511083333333334,42.51961111111111,1000,data_main/58ae4101-759d-44db-96c1-895e92c03a4e/main.jpg,Mid,10
2,-3.702527516204676,40.427661245138005,600,data_main/58d4fecb-edb5-4aab-8aa1-96bfbf49da61/main.jpg,High,10
2,-3.702289040530893,40.42173475173144,600,data_main/58feceac-5a88-488f-bf51-abcb8bfc25a7/main.jpg,Mid,10
1,-3.707021800000007,40.4172215,1000,data_main/5944755b-b525-405a-98e4-39b1b63988c2/main.jpg,Mid,3
2,-3.700373464615154,40.44209227424258,600,data_main/59946ead-2409-45d2-a90e-24686f47de79/main.jpg,Low,13
2,-3.6881736870813953,40.41658537956355,600,data_main/59f60b14-8b4a-40f0-90e1-fbd954784073/main.jpg,Low,13
1,-7.86875,43.76877777777778,1000,data_main/5a0d76b1-1f08-4e7d-8f0c-c7303ddb0c79/main.jpg,Mid,10
2,-3.68116555456384,40.43111341538865,600,data_main/5a246bce-a38f-4525-8fc6-7e667322609d/main.jpg,Low,13
1,-3.7194227377502416,40.46874644153914,800,data_main/5a3f3d8f-3ac6-4932-8359-a25bce263211/main.jpg,Low,13
3,-3.6527048217811418,40.472457761674775,500,data_main/5a476ad2-b756-44c7-b399-a2935454e127/main.jpg,Mid,13
1,2.647804034398933,39.57342136875768,500,data_main/5aefdb13-8cef-4609-b2ca-3adeea844a53/main.jpg,Low,0
1,-3.691122886976256,40.425366531018334,500,data_main/5b0fbc09-5568-4c37-a612-bb2e42238abc/main.jpg,High,0
3,-3.9931478912468137,40.39607600807622,100,data_main/5b1d7171-ebf5-4017-afbe-2b740b0c49fe/main.jpg,High,0
1,13.160576782803332,50.01648414650183,1000,data_main/5b38dcaa-19ac-422d-9c74-5b29e2a19629/main.jpg,High,6
1,-3.7102689441860126,40.4232376492877,800,data_main/5b3ce602-0e5a-47d7-b77f-58a1859c21d6/main.jpg,Mid,10
1,-3.716268808325109,40.424301175943256,900,data_main/5b6f9bea-3fdb-4507-b2d6-37a4f71d9fdf/main.jpg,High,10
1,-3.700812220102568,40.41800496217898,900,data_main/5b9a87ad-a72d-4edb-8e31-3883a3984564/main.jpg,Mid,10
3,-3.7198757694072095,40.38295068922455,500,data_main/5bd106d7-4c9f-47ab-99bc-2e2420ca0612/main.jpg,Low,13
1,-7.415805555555556,42.37580555555556,1000,data_main/5bd240d7-db33-445c-bc40-8a8c94051473/main.jpg,High,10
4,-3.6106486786166943,40.40923034349567,300,data_main/5c178e8c-c579-4a15-8056-a73079416bd9/main.jpg,High,13
2,-3.699651557639726,40.44249851676524,600,data_main/5c6090de-371a-40ac-8985-6258424b5a31/main.jpg,Mid,10
3,-3.7097882216017055,40.42305832746606,500,data_main/5c7fd522-a8d1-462a-b146-6ee7c1991bfb/main.jpg,Mid,10
2,-3.7241180548635584,40.4292397414403,700,data_main/5c8ed64d-1ed8-4e46-b9e9-bac586ba0bce/main.jpg,Mid,13
2,-3.686161231509244,40.42037213070657,600,data_main/5ccf24f2-a574-42c9-ac21-16bdebf16b8d/main.jpg,High,13
2,-3.7126774084733696,40.44298464158624,700,data_main/5cdad26c-2154-4ea1-a8cb-dd1149f2c61a/main.jpg,Low,13
1,-7.326083333333333,42.73222222222223,1000,data_main/5d1550f3-fcd0-4982-ad76-2b24e0ffb280/main.jpg,High,10
2,-3.685806028277646,40.41673458392933,700,data_main/5d69e585-b1a8-4a3b-ad6d-8ca469afc8a5/main.jpg,Low,13
2,-3.7190123137270414,40.43356890934388,700,data_main/5dbea96d-1ff4-4d46-8ba7-f0a19aa08d69/main.jpg,Low,13
1,2.652897544181575,39.57016031648573,500,data_main/5dfc63e2-189f-41c0-bf22-cc57c3af7a61/main.jpg,Low,0
1,-73.9761408,40.77652579999999,1000,data_main/5e3da019-63fe-46c5-b2b5-e11ad977f605/main.jpg,Mid,6
1,-3.6923116993889695,40.40792245547035,800,data_main/5e4147cf-7414-431b-a563-e2f8c8cdf6a3/main.jpg,Mid,10
1,14.515546399999948,35.8975216,1000,data_main/5e75966e-c9b5-4fb5-ae00-0e347437237a/main.jpg,Mid,3
2,-3.681930865584929,40.41698284219226,700,data_main/5e81bbf0-ff3f-4813-9124-e394251fd928/main.jpg,Low,12
1,2.6540652423273694,39.5777234875653,500,data_main/5f03487a-4aed-4383-aa9c-da80ba8fd66c/main.jpg,Low,0
2,-3.682116545097765,40.42175951375861,700,data_main/5f2fce13-edd5-49d4-9881-d97adc71482a/main.jpg,High,10
1,16.369938899999966,48.20554019999999,1000,data_main/5f3bc731-0f67-4d77-8399-8aec360783f1/main.jpg,Low,6
2,-3.7077278705268566,40.421052935047896,600,data_main/5f3e6408-25b6-4d61-bd7b-c2ee8ef03d09/main.jpg,Mid,10
1,12.488406867459162,41.90491620283755,1000,data_main/5f4c992a-9dfc-4808-ad22-430efafbb2d5/main.jpg,Mid,5
2,-3.712797101192608,40.41775151240112,700,data_main/5fb1caba-2528-437f-a301-93887de6a7c2/main.jpg,Low,13
2,2.647140381531611,39.57006818954706,250,data_main/601525b1-d994-4dea-8479-e252c849fc29/main.jpg,Low,0
2,-3.6901678423327184,40.4237176626817,700,data_main/60261bcb-7538-4357-9a72-28181aa0eb48/main.jpg,Low,13
1,-7.215,42.33358333333334,1000,data_main/60373c07-e56b-4693-80fc-aea8edba4578/main.jpg,Mid,10
2,-3.7124423595945215,40.422114071900566,600,data_main/6098fb44-b491-4ebf-a7af-74e860b7ce33/main.jpg,High,10
1,45.20274280000001,39.7315685,1000,data_main/60cc53a6-972a-4de7-bcca-8fa376467d64/main.jpg,Mid,3
1,-3.605304,37.18769,1000,data_main/61397391-5a29-4193-84cb-0c28b5f71785/main.jpg,Mid,3
1,-3.712487513615302,40.42080748389768,900,data_main/616e4109-6113-495f-b405-8e7b9cad0c98/main.jpg,Mid,10
3,-3.7028414131115097,40.42044310282671,500,data_main/6182349e-f12b-4a85-bf5c-0c4daf8b3dfa/main.jpg,High,10
1,21.484256,54.042053,1000,data_main/61a339d8-d9d6-4abc-9425-455d062e3338/main.jpg,High,6
1,-8.88586111111111,42.78347222222222,1000,data_main/62704b97-5148-4a08-903d-737645bc3426/main.jpg,Mid,10
2,-3.6990361124857296,40.41267335016478,700,data_main/6282a5aa-6643-4384-9612-5bc987779750/main.jpg,Mid,10
3,-3.666966319560538,40.388853604756505,500,data_main/6296712b-7068-46af-9ccb-181e8485ca98/main.jpg,Low,13
2,-3.7035096605425206,40.418961556184286,600,data_main/62ae0a14-d9a0-47c5-97db-7878cd1e9c24/main.jpg,Low,13
2,-3.694627300005272,40.44268919706804,600,data_main/62c5040b-f590-4294-9dd9-d7c44ae7356f/main.jpg,High,10
2,2.64776964573402,39.57157665198282,250,data_main/62fd7fb6-31ce-4ef9-9373-546f0aa6087e/main.jpg,Low,0
1,-99.2238933,19.4024843,1000,data_main/6339c444-16a9-4d33-8ddc-a7ab91de04c7/main.jpg,High,5
2,-3.7142697712670816,40.46325799880778,700,data_main/6340507e-751f-4f51-a4d5-bf58bea851bf/main.jpg,Low,12
1,107.59086279999995,16.4637117,1000,data_main/635f52ce-9024-430d-8a22-58eba3bdc5fa/main.jpg,Mid,5
2,-3.743477331444725,40.416531259662285,600,data_main/6399463b-9a32-4bca-affc-20715ed41a6e/main.jpg,High,13
2,-3.6771876805396864,40.40180567689773,600,data_main/64227ca5-68db-49c8-a414-4c197e9807d1/main.jpg,High,10
1,-3.6933720637143432,40.41100296472787,800,data_main/64473082-3944-4407-8445-3d0dec7c88f5/main.jpg,High,10
1,16.617116277909872,46.24910238450831,1000,data_main/647158a1-6409-4af6-b7e1-061fddb4d245/main.jpg,High,1
3,-3.71137575759853,40.4160017137785,100,data_main/64a7b51c-5bc3-4a7d-9f45-72ff0f80d9ff/main.jpg,High,0
1,-3.688962301377616,40.40771563121752,1000,data_main/64bd7652-5b5c-4c28-90a6-f0aa1e5e452f/main.jpg,Mid,4
1,-6.831666666666666,42.84305555555556,1000,data_main/6502d552-d963-4ebe-92e5-f52e2009b0d8/main.jpg,High,10
2,-58.38591021439375,-34.60967716331388,250,data_main/651efcc9-29a8-4781-bf73-10dfa65a7d69/main.jpg,Mid,3
2,-3.712537611175852,40.417735093862426,700,data_main/6595f2a0-b89a-42fc-96fe-c9f7502b51a2/main.jpg,Low,13
1,-3.7146293213905,40.41490235415369,800,data_main/65b4144c-8961-4b73-9feb-8c7826214c17/main.jpg,Mid,13
1,7.680516699999998,45.0494913,1000,data_main/66994567-dd56-4cc4-a074-765b14e5733a/main.jpg,High,5
2,-3.688573044277186,40.42338482879358,700,data_main/66a2ef5d-86f2-41b9-8f4e-885faedcce93/main.jpg,Low,13
1,-3.9436140663208334,41.035001154429686,1000,data_main/66d5b206-88e3-4213-a178-1856658b224a/main.jpg,Low,7
1,-3.689441908502898,40.43491329886507,800,data_main/66fa5488-dfbb-4e7b-9cbd-c0ea44f9c164/main.jpg,Low,13
1,-8.018500000000001,42.76269444444444,1000,data_main/670f580e-fa6f-47ad-8bd2-f199ee38b389/main.jpg,High,10
1,-3.7150194677852895,40.41397946061131,600,data_main/6722f309-c1e8-446a-bcec-ff4d8b448923/main.jpg,Mid,2
1,-74.796588,10.946177,1000,data_main/672743ac-9e19-4add-a20c-fb3d80e17ac1/main.jpg,High,4
1,2.645645786508946,39.57059931528129,500,data_main/67a5b881-08d3-4ebf-8bb5-01bee12dd6e9/main.jpg,Low,0
1,-3.6886328999885234,40.42347456265254,800,data_main/67b0ce15-3aa5-4f47-86f4-efcbbfdb85c4/main.jpg,Low,13
1,-3.711484696728996,40.41960644893689,800,data_main/67e128ab-2cba-40e5-bd23-5e386ff5c6f8/main.jpg,Mid,13
2,-3.6950725920539,40.418075647306665,700,data_main/67e92de5-512d-4dd5-9785-1ba8bedba27e/main.jpg,Mid,10
2,-3.7083241323093614,40.408827275648434,700,data_main/67fcef6c-a652-45bc-ab94-aa5648c098d8/main.jpg,Mid,10
1,-3.689062436671433,40.40780526727448,900,data_main/68041318-364f-492a-8585-6da61cbfad93/main.jpg,Mid,10
2,-3.6803869236490776,40.4205323834076,700,data_main/6838982f-6910-4d76-a938-9caeeffc2e6a/main.jpg,High,13
1,2.6480262581489376,39.5737622621947,500,data_main/6861fb13-c180-4d8a-a012-a1082ac240ae/main.jpg,Low,0
1,-3.762097422985464,40.448713343630445,800,data_main/689bcd45-30f6-4bf2-98ee-e21b0a139d17/main.jpg,High,12
1,-102.29979709999998,18.2499809,1000,data_main/68d5d91d-4ade-4e6e-84e2-1a8544c9e87d/main.jpg,Mid,4
1,-3.714745178181626,40.414712448094456,900,data_main/68d8525b-9cbc-4b7e-b435-afe7b014490a/main.jpg,High,10
2,-3.701197422725348,40.44539205139684,600,data_main/6904d998-ee84-47ef-955a-4ec5d4fc45e7/main.jpg,Mid,10
2,-3.6835150707314974,40.41048685832594,600,data_main/69182411-f09d-46b9-a945-488ad4e6d520/main.jpg,High,13
1,-3.2249004999999897,43.3934079,1000,data_main/692ba0be-daa6-446f-87c3-78bbf57f57ce/main.jpg,Low,4
2,-3.678361410746561,40.41485957593277,600,data_main/692c21ed-74fa-49b1-8f2c-cacff31fc7fe/main.jpg,Low,13
1,-3.964373,41.120834,1000,data_main/69b2c6be-ca70-4cbe-80c5-b535bc5a4a8a/main.jpg,High,5
1,-6.875638888888889,42.85611111111111,1000,data_main/69cf986c-6b08-461a-8dfd-16934ffe185e/main.jpg,High,10
2,-3.702141292184917,40.443798735468,600,data_main/69f9ce93-ddfc-448c-ba68-e741988c4734/main.jpg,Mid,10
1,-3.6919848637416672,40.41237342351499,800,data_main/6a037c5d-6610-43e8-ae0e-969ca223cf37/main.jpg,Mid,13
2,-3.688398035603496,40.43523463888451,250,data_main/6a0da2e1-d05f-48e4-af8c-ff9cb2ad440e/main.jpg,Low,0
1,-4.214417400000002,43.3853167,1000,data_main/6a2e353d-6799-4c6e-9351-5d3af0c5bd8c/main.jpg,High,5
2,-3.687752819735453,40.43312847237076,700,data_main/6a33f519-8c7f-47fa-8839-fd4395d1ca28/main.jpg,Low,13
1,-3.711869612262677,40.4158653285055,900,data_main/6a531fa9-4d33-42ad-857d-313f9dc6afb4/main.jpg,Mid,10
1,-7.298805555555555,42.21802777777778,1000,data_main/6a5c02f7-065c-4ce6-9510-013a87ba96a3/main.jpg,Mid,10
3,-3.721704566352755,40.42844402173949,500,data_main/6a5fd204-f594-4565-bf02-ad86414ea653/main.jpg,Low,13
1,-3.687822350341945,40.44010528590579,500,data_main/6acc0de0-7533-496c-95e0-8028cf3fdf5c/main.jpg,High,0
1,-3.692264914659393,40.41094831650798,800,data_main/6b0bfd94-57ea-4474-a322-71e40943b6e5/main.jpg,Mid,13
1,-3.703510993080645,40.42248408139826,900,data_main/6b138e45-4c2f-4f9e-bdda-7eb4c3ef3609/main.jpg,High,10
1,-0.9852765000000544,37.6023257,1000,data_main/6b36a3b5-e3b0-4dfb-9edf-4213f6fed45e/main.jpg,Low,6
2,-3.657652234396238,40.43906039418887,600,data_main/6b46254f-eda4-4aa2-9d37-6099c57a5a5a/main.jpg,Low,12
2,-3.7125846609181177,40.41884291549989,700,data_main/6b7ffe97-2982-4894-a39a-a4ae86cf610a/main.jpg,Low,13
1,-3.689581981243273,40.43214460151004,800,data_main/6b9cff68-0a16-4266-ba93-00235c84e559/main.jpg,Low,13
2,-3.726291684435721,40.43622610775022,600,data_main/6c33a4ef-786c-44a5-8bb8-51b07b119c1a/main.jpg,Mid,13
1,24.79043409999997,46.2176,1000,data_main/6c353b05-8aba-4c56-90ad-3ecd7c8f5de4/main.jpg,High,4
1,-8.28163888888889,43.46441666666667,1000,data_main/6c59c4df-721d-4466-b1a3-507b2f0db795/main.jpg,High,10
1,-7.4348888888888895,41.9415,1000,data_main/6ca859b4-e4fe-4022-b4f7-20c658b86104/main.jpg,Mid,10
2,2.6526376655899773,39.56896793212968,250,data_main/6cfae6e1-a344-4c39-aa6b-71753a300294/main.jpg,Low,0
2,-3.681953804971588,40.42161324583443,600,data_main/6d04e0e7-1694-45f5-a37f-df9543d1ce5f/main.jpg,Mid,13
2,-3.7817656971646993,40.45865696697999,600,data_main/6d0c5c92-be80-4b1a-a04c-e5e0647e6596/main.jpg,Low,12
1,-3.6907524317049822,40.42593095487881,800,data_main/6d10188f-f447-4e9f-8586-847d657032d4/main.jpg,Low,13
1,-3.689441908502898,40.43491329886507,800,data_main/6d25c3b2-4c10-476d-84dd-28e9c23ce44d/main.jpg,Low,13
1,2.62568225767263,39.6183812969093,500,data_main/6d63cdf0-8557-4344-973f-f4c2ecda3726/main.jpg,Low,0
2,-3.681866201432033,40.42110925617198,600,data_main/6d6c96ff-de5f-4b41-874f-472ff3aa018c/main.jpg,High,13
1,-3.5911332000000584,37.1846102,1000,data_main/6d8e0784-950e-4977-842c-eaf02129613e/main.jpg,High,4
1,-3.6634101865892,40.43227072485769,800,data_main/6e8507b2-7a54-46b0-8833-0ba50813e19b/main.jpg,Mid,10
2,-3.7446017803511418,40.45332653819756,700,data_main/6e8d5b40-4777-4b71-b951-a27fe1f486b5/main.jpg,Mid,13
2,-3.684454707612634,40.418310166004126,600,data_main/6eb91918-9abd-427b-9209-55609eb62072/main.jpg,High,13
1,-3.690637405772645,40.423525668802256,800,data_main/6f1c88e9-42b5-4018-81a7-6668407017da/main.jpg,Mid,13
1,-4.182736299999988,40.5483956,1000,data_main/6f3b74a9-ddbc-41e3-add5-2125c98d4f1b/main.jpg,Mid,1
2,-3.690960794427876,40.42056877187843,600,data_main/6fb120e2-9fb4-45f8-a9c0-7fb1cbf1036c/main.jpg,High,10
2,-3.638467892143048,40.39036583479132,700,data_main/6fc86023-276c-4831-ae80-97b4517c74f5/main.jpg,Low,13
1,85.21239289999994,23.3046671,1000,data_main/6fede09c-22aa-45ce-ab0e-f2e95f7ca7b0/main.jpg,Mid,4
1,-3.687515661302191,40.43299474767963,800,data_main/70103f56-3407-45f3-9865-e084d7a6b2bc/main.jpg,Low,13
1,-67.16667180000002,-27.6833305,1000,data_main/703758bd-fa44-4128-b9bf-3fb5a1f4aee3/main.jpg,Mid,4
3,-3.7192271957409138,40.44549064892974,500,data_main/70475922-b8ec-482c-ba75-229af07981e9/main.jpg,Low,13
1,-3.6972067902718897,40.39245798191536,900,data_main/708e2c91-f52f-4429-a0ae-c02f5a1576d8/main.jpg,High,10
1,9.117038800000046,39.2189722,1000,data_main/70b23a06-ccc6-4e37-b78f-3992f824119d/main.jpg,High,4
2,-3.700392034488641,40.41726876694756,700,data_main/70b5677c-1e0f-43b8-b900-b580599ecf17/main.jpg,High,10
1,44.694245499999965,42.1731401,1000,data_main/70d2c00e-7d77-4451-a6b1-851c7a4909c9/main.jpg,Mid,4
1,6.771705500000053,51.226826,1000,data_main/70d2fa46-35ad-40b6-9bda-596027c74ff3/main.jpg,Low,4
1,28.978334899999936,41.0042322,1000,data_main/70de85d2-6aa3-44c6-b15b-1465adf044fc/main.jpg,Mid,5
2,-3.832386664319065,40.49013228980326,700,data_main/71070c07-a807-49e6-b3df-22944cafb520/main.jpg,Mid,12
2,-3.707296225893901,40.41022670656216,700,data_main/71169ecd-2232-4a49-ba58-a87ddc8faef0/main.jpg,Low,13
1,-74.29643229999999,4.5765854,1000,data_main/71cdefd1-1f58-49be-bee4-2aa8ced9bfbe/main.jpg,High,6
2,-3.697843982832866,40.42391482725381,600,data_main/725112e7-381d-4fc0-87c1-3bd089631c5c/main.jpg,High,10
1,-8.530277777777778,42.54180555555556,1000,data_main/72cfcbfe-0797-4abf-a7e0-432b49bdc2c5/main.jpg,High,8
1,-8.661666666666667,42.73913888888889,1000,data_main/72f2f8c2-dfca-48e3-ab57-c79e44abb8bb/main.jpg,High,10
1,-3.6902797921587247,40.440666389582496,500,data_main/730a3755-3a1d-4ad4-b459-21757d161f16/main.jpg,High,0
1,19.04856799999993,47.562754,1000,data_main/7341918f-4b69-49cd-bee4-acbc5105d4d3/main.jpg,Mid,5
1,-3.712502060019548,40.41883441554283,800,data_main/7341ba70-7630-428c-aebc-db2d6b9daedc/main.jpg,Low,13
1,15.97523622638937,45.815728070527406,1000,data_main/736c7535-d16b-4ace-af79-a12c5e9aa3c2/main.jpg,Mid,5
2,-3.711631948428992,40.40673161633396,700,data_main/73c6e67f-1acf-4bb7-91e9-8b253a3d8a56/main.jpg,Low,10
1,15.940605691401744,45.870046691839576,1000,data_main/74181751-e5d4-4b53-b6e6-695c45151c1d/main.jpg,Mid,4
2,2.658669604802946,39.56628307123493,250,data_main/7472dee7-a1fd-42d8-acae-c3d5f9fce14c/main.jpg,Low,0
1,0.0578474060821463,42.26417311870984,1000,data_main/74746f95-aefc-4ace-aea4-2bf91284393d/main.jpg,High,5
3,-3.691556744231419,40.4331194525775,100,data_main/749a7df6-6b1f-499a-841d-5c0b155ff4be/main.jpg,Low,0
2,-3.6436898145860654,40.38937291018174,700,data_main/74c5268d-71d6-449d-a1bd-d186e052962f/main.jpg,Low,13
1,-3.704076125733789,40.42694011112609,800,data_main/74d434b9-e417-476e-a405-e2feedb67494/main.jpg,Low,13
2,-3.70836767302569,40.42136433290127,600,data_main/7538638e-cf7e-4f79-86f9-1716cd5e173d/main.jpg,Low,10
3,-3.7386141475064143,40.477291999515245,400,data_main/75a8346f-9774-45a1-94a1-827f18dac370/main.jpg,Low,13
3,-3.709207755905503,40.34640354088076,500,data_main/7634c9d0-60ba-4dca-8fd3-3d5e440cab1b/main.jpg,Low,13
2,-3.696674711481271,40.37225484208751,600,data_main/76fc1bce-1a47-4001-896a-a6b03e81f855/main.jpg,Low,13
1,-3.778607572831458,40.4567580489015,800,data_main/77117a96-3b1f-4eec-8983-87ac1b518dd1/main.jpg,Mid,13
2,-3.700777828148993,40.41470378806359,500,data_main/7729a395-1411-47ee-9303-5f916d0b3a58/main.jpg,Mid,0
1,-1.193003200000021,53.2673248,1000,data_main/77505072-3ace-4119-877a-92dff68dc04d/main.jpg,Mid,5
2,-3.699124598467417,40.42122239771011,600,data_main/7789c734-bb15-47fe-b125-8b7431a5e091/main.jpg,Mid,13
2,-3.706886000764277,40.417202217249,700,data_main/778d22ff-ca64-42b6-a95a-778c55e5d72a/main.jpg,Mid,10
1,-3.6947858475876383,40.41613621265231,500,data_main/77d02f80-bee7-474e-8359-66b5096ee625/main.jpg,High,2
1,-3.689119921563517,40.41655543329472,600,data_main/77df8476-484e-436e-8977-f957f6b9371a/main.jpg,Mid,2
1,129.75237479999998,32.6595527,1000,data_main/77efedc3-1f45-49aa-a18d-6edf95357d13/main.jpg,Mid,1
3,-3.686616643287993,40.43801431814425,100,data_main/78b7b4dc-9bd1-4829-9bc7-97d7ecffc09a/main.jpg,Mid,0
2,-3.678523194248849,40.44550439226611,600,data_main/79144071-e183-4c38-a0df-8f29024df2d5/main.jpg,Low,13
1,-3.69482106045916,40.4160556885308,500,data_main/791798a0-f9a8-43de-963d-6b8a5fb18382/main.jpg,High,6
2,-3.696923989205322,40.437569047006924,600,data_main/793cbf40-3c23-48e0-839b-072aea4e3c58/main.jpg,Mid,10
2,-3.691993325190449,40.44433427285205,600,data_main/7952ba21-90a0-41a3-bdf0-a7d0a1ad755b/main.jpg,Low,13
1,-7.701083333333334,43.7375,1000,data_main/796528e4-ec6e-45a3-ba07-3afaf9110734/main.jpg,High,10
1,44.517723,48.709383,1000,data_main/7965f257-b835-47f2-9c29-f81ee5969e12/main.jpg,High,3
1,15.651244499999962,46.15488910000001,1000,data_main/798f6b2e-ea9b-48f4-8419-1f02a800b5f9/main.jpg,Low,2
2,-3.679715364244469,40.42809511698824,600,data_main/79a0cde4-5312-42ba-ad21-9736e926cc15/main.jpg,High,10
2,-3.700416757543016,40.44010649637703,600,data_main/79a24cf2-69e0-4618-8fab-0aa813cd3941/main.jpg,Mid,10
2,-3.766396,40.422842,600,data_main/7a4ff760-e857-4e5d-b102-c07c69e22da8/main.jpg,Mid,12
1,-7.671944444444445,42.562777777777775,1000,data_main/7aa2036e-6bca-4b09-a297-a95db4f0eddc/main.jpg,High,10
2,-3.7139619074844017,40.41532089346699,700,data_main/7aa5a17d-71ce-466b-8bf6-15b0915057e8/main.jpg,High,13
1,-9.170361111111111,43.18572222222222,1000,data_main/7aee243d-1eb5-4ccf-819f-c79d2d9b8109/main.jpg,Mid,10
2,-3.705335843041647,40.41436482692804,700,data_main/7b183a05-4fd6-42cb-8f70-1ea15b6e11a8/main.jpg,Mid,10
3,-3.64577277286604,40.46429852814703,500,data_main/7b3869ca-2771-4c83-bf26-36494e9943ca/main.jpg,Low,13
1,-3.712997564413368,40.4177592853531,800,data_main/7b39b445-45af-458f-8b26-3a77a067de2f/main.jpg,Low,13
2,-3.696638826408143,40.42021938138616,600,data_main/7b76b50c-db22-4cc8-bb9a-67a241db2cb0/main.jpg,High,10
1,-121.760323,46.852951,1000,data_main/7b7a9656-ca2e-4202-9a2d-b0b82d571a3e/main.jpg,High,4
2,-3.681532395264785,40.42119268639031,700,data_main/7bc09ba1-f25c-438c-90a3-78510691c021/main.jpg,Low,12
1,-3.691182746419386,40.48022500820797,800,data_main/7bd416f6-b0b2-43fa-b10a-b5728724ce25/main.jpg,Low,13
3,-3.686119505415539,40.43754310983173,0,data_main/7bd9d816-f403-4e0b-9c66-014e767d1c5a/main.jpg,Mid,0
2,-3.722458874244255,40.42622309131999,600,data_main/7c1a9132-072d-4afd-bdbf-d68493936cd7/main.jpg,Mid,13
2,-3.701821983984502,40.413088907369605,600,data_main/7c9b61e4-fb9f-4ce5-a54e-09847cb6e14a/main.jpg,Low,10
1,-3.815883818269463,40.467438514655285,800,data_main/7d2c85cd-4fd1-43c8-96c4-8dd07b2203b0/main.jpg,Low,13
1,-101.68292150000002,21.1223339,1000,data_main/7dbc21e9-53fc-4263-94c0-96d0c57c160b/main.jpg,Mid,4
2,-3.721135107165399,40.41556783900282,600,data_main/7e1060ae-2ba5-4f82-8ca2-3f81f43d07bd/main.jpg,High,10
2,-3.691639564551728,40.44100279861878,0,data_main/7e787bd7-2b94-4b54-a30a-fe02aaa0a1f4/main.jpg,Low,0
2,-3.725275188293443,40.44388989111186,600,data_main/7ec345a7-4096-442a-b312-f54322ecee17/main.jpg,Low,13
2,-3.779384022606242,40.41175423345592,600,data_main/7ed678ed-a7b1-4381-b61f-0367cc66dccc/main.jpg,Mid,12
1,-87.53514380000001,17.3160476,1000,data_main/7ee83f8b-54e6-4ddf-b672-2ee78ce0c83d/main.jpg,High,4
1,-7.908311008073383,38.56897929402259,1000,data_main/7f6e10d2-ff8d-447a-8f40-28d3c5c4c771/main.jpg,Mid,3
1,-3.693968445857009,40.41161939524076,500,data_main/7fa61bb5-f855-425f-9a1c-dc39b839414c/main.jpg,Mid,0
1,-7.80175,42.18986111111111,1000,data_main/7fa6c55e-d395-4cfd-a821-bee3490d215e/main.jpg,High,10
1,-3.725701167413256,40.42557145682966,500,data_main/7fb64e72-feef-40df-a45f-628c01cfa3fa/main.jpg,High,0
1,-7.3245,42.13322222222222,1000,data_main/8023d390-cdef-4c48-a402-3cb236f9d4cd/main.jpg,High,10
3,-5.99216957712267,37.3937410550165,0,data_main/8035063c-1cc5-4ad7-88fb-e5c37ff0612b/main.jpg,High,0
1,135.803626,34.465609,1000,data_main/8083365a-4ad8-45a2-b08a-e7ea63bf1db0/main.jpg,Mid,4
1,31.233649300000025,30.0478468,1000,data_main/80c644a8-84be-4e92-a613-310b33a28b4d/main.jpg,High,3
1,-3.688066856455329,40.4411603570972,500,data_main/80f7930d-fd10-404f-89ed-7334d76eddc2/main.jpg,Mid,0
1,-8.630527777777779,42.55580555555555,1000,data_main/8165a0cd-861b-43fe-aff7-8535e811ec63/main.jpg,High,10
2,-3.693461684609889,40.42534660560915,600,data_main/816e2dac-37f8-4f07-9970-0e537146330b/main.jpg,Low,13
1,-106.0415988,35.7295029,1000,data_main/8203e85b-20ec-4569-b36e-cf4f20eb2cb8/main.jpg,Mid,13
2,-3.690961537106662,40.41027142480535,700,data_main/823620fd-3b61-4613-86be-000b6ac2704b/main.jpg,High,13
2,-3.6950924431644094,40.42916564976748,600,data_main/827f9508-63f4-47e4-9e0f-d0c9206e2988/main.jpg,High,10
1,-104.020623,30.3094622,1000,data_main/829493b4-306d-45ae-94a1-18c29e98a53c/main.jpg,High,4
1,-3.726805422379462,40.42562866161053,800,data_main/82c3cd19-0484-478e-8ea2-8f0f624d52a7/main.jpg,Low,13
2,-3.719794418623388,40.42509556516762,700,data_main/82ce07fb-613b-4e72-a067-3e4fd1bb8dce/main.jpg,Low,13
1,-3.776611188452123,40.52072905108312,900,data_main/82ee87ca-a8c1-4968-b462-e8983a59a5b4/main.jpg,High,10
1,127.69384890000003,26.2273138,1000,data_main/8313dc99-1dd6-4994-976a-505650fb5c7e/main.jpg,High,5
1,-8.834861111111111,42.34119444444445,1000,data_main/83447432-bd5e-4d8f-9aac-707fd0bb4d3d/main.jpg,Low,10
1,-7.848861111111111,42.01358333333334,1000,data_main/834d717d-0836-4f13-a340-31bf2668d3a4/main.jpg,High,10
1,38.79177660000005,37.1497438,1000,data_main/837cb045-f2bf-4eb2-a666-fc0fdad375cf/main.jpg,High,5
1,-4.132303809228233,40.95572199470394,1000,data_main/837e2e95-6348-42b0-afce-eb31afa11b03/main.jpg,High,3
1,-3.696890295579527,40.411461072951774,900,data_main/83ad2cbf-be35-4fdb-aaa1-c30a2284d188/main.jpg,Mid,10
2,-3.6116565082022896,40.42399439491272,600,data_main/83d7b27c-f566-4414-a4ea-34b6746cfaaf/main.jpg,Mid,13
1,-23.6054604,14.915876,1000,data_main/83ddef3d-d562-44c0-8a00-fbaf82bd306e/main.jpg,Mid,5
2,-3.762097422985464,40.448713343630445,600,data_main/83e0a6e7-9824-41ae-9b4c-bebcc0afbc80/main.jpg,High,12
2,-3.6853530685229896,40.48430575228505,600,data_main/84247da6-834b-450b-a407-188c117bbaa4/main.jpg,Low,12
1,-3.61147604955197,40.46083640873648,800,data_main/842a600f-fa1d-40d6-8eaa-955c47cc8648/main.jpg,High,13
1,-3.708913876369024,40.44210652222822,800,data_main/84365500-519d-4c9c-9442-e3064ac4d74a/main.jpg,Low,13
1,-79.89927699999998,-6.705057,1000,data_main/843f091d-428e-41a2-b6b8-bba14520d41a/main.jpg,High,5
1,-3.5974520846731366,37.17515671837067,1000,data_main/844c05b2-2326-43e3-81e2-e6ae6d929afe/main.jpg,Mid,4
1,-3.70952299999999,40.4158087,1000,data_main/845cf929-40e9-456b-960f-52b5a84f3cf1/main.jpg,Low,3
1,14.970634000000018,38.39461319999999,1000,data_main/84c8dcb6-9a89-42d3-beef-0e6753c082c9/main.jpg,Mid,3
2,-3.707287420083181,40.42176734416236,600,data_main/84fabf54-a85a-4f5a-a84d-4f0df0328fc6/main.jpg,Mid,10
2,-3.67446882338924,40.40400482713434,600,data_main/851ccb95-d62a-43cf-b87d-d0b66f796caf/main.jpg,High,10
1,-9.090527777777778,42.822500000000005,1000,data_main/8521f4f6-0d97-40b7-af9d-69fa64b7bc6e/main.jpg,High,10
2,-3.690217216029108,40.41586148315061,600,data_main/85414a65-f14b-49d1-b19b-d8cdca19dc6f/main.jpg,Low,13
2,-3.706068024190812,40.41788289362578,600,data_main/8559da41-9a1a-4d13-81aa-7c00539aacc9/main.jpg,Mid,13
2,-3.7138940366231967,40.420051057542,700,data_main/857686d0-2994-4823-8b72-eb52bf6146a7/main.jpg,Low,13
2,-3.708938288104488,40.42740150087395,700,data_main/858a81cf-d68f-41ac-adf3-70c8c50f84b0/main.jpg,High,10
2,-3.706091976914866,40.42581069734524,700,data_main/85bd9134-3625-4e75-ba77-fb8196c06626/main.jpg,High,10
3,-3.690013485279983,40.451699286398366,0,data_main/85ce315f-4e59-4ed3-bfb7-f901342d6ca5/main.jpg,Low,0
1,-4.14552157567141,40.582322426385225,1000,data_main/85ef9964-af20-4302-9c93-f3e65f356637/main.jpg,High,5
1,-3.7109557,40.4120936,1000,data_main/860aa763-043e-430e-8bb5-d747bad4bc46/main.jpg,High,4
1,-3.692188193693138,40.41902261618159,900,data_main/864bb69a-849b-4102-946d-a176ee2c605f/main.jpg,Mid,10
2,-3.76543317878712,40.40689246659859,700,data_main/867e7987-227a-45d3-8601-f1b332ea64bf/main.jpg,Mid,13
1,-7.865555555555555,42.334694444444445,1000,data_main/86a22951-fefb-4ffc-ad0d-b5bc7c43dc92/main.jpg,High,10
2,-3.701207530853102,40.41975031907702,600,data_main/86c846c5-33bd-4fa5-93d4-f0dd20e70d8b/main.jpg,High,10
2,-3.69515025214554,40.3910873541085,0,data_main/86da1568-3f82-422e-8f6f-4cc26c5c7ec7/main.jpg,Low,0
1,-3.681140821104552,40.419417689825735,800,data_main/87574a87-41a1-4ffa-890f-df3427e939f6/main.jpg,Low,12
1,-3.6989265815718566,40.42600739181506,900,data_main/8797763f-aa97-4839-a6e1-a617db9e6bc7/main.jpg,Mid,10
3,-3.6854283294271855,40.3934483874144,500,data_main/87a153b7-dd83-4cd0-acd5-97759ef911f6/main.jpg,High,13
1,25.58804120000002,45.63991739999999,1000,data_main/87bf98ce-eab4-4591-bbdc-288ac049f797/main.jpg,Mid,4
2,-3.71144736884946,40.41270575310821,600,data_main/883b8ee7-b732-41ea-b78d-ea16b1107b89/main.jpg,Low,13
4,-3.68435666571174,40.429572043329536,300,data_main/88484096-f584-485a-9c3b-ab6eef881de1/main.jpg,High,10
1,-6.537020299999995,39.9820002,1000,data_main/8858e9cd-66a8-4c7a-87f8-86432a4dccc9/main.jpg,High,5
2,-3.640780934181094,40.44169568772944,600,data_main/885bf774-354d-4983-a367-968324d88cc2/main.jpg,Low,13
2,-3.763295877113896,40.39191553713266,600,data_main/88739b0d-0949-4a94-8fde-5e0c343d9095/main.jpg,Low,13
2,-3.6935802003625806,40.480462896246266,600,data_main/88cad015-0548-4fe1-8cb1-458e2e588911/main.jpg,Low,13
2,-3.694079069743912,40.42429327897972,700,data_main/88e32c75-dd2f-48fb-ae60-5a8f67433ce3/main.jpg,High,10
2,-3.692164119088312,40.416869058196646,700,data_main/88f00895-38a3-4fbc-8b99-c4efab2fa9fe/main.jpg,High,10
2,-3.694347732862085,40.424386329943296,700,data_main/890542a8-0e2f-416a-851d-f733164f4133/main.jpg,Mid,11
1,-3.70226287159844,40.41689383463677,900,data_main/890a4cad-fd19-4e0b-8ed8-5421c7850021/main.jpg,Mid,10
1,-7.862972222222222,42.33622222222223,1000,data_main/89145354-bb06-4fa2-8a67-0f1c905c0b29/main.jpg,High,10
4,-3.6790319941390175,40.41825205152337,300,data_main/891c1b43-0a71-4031-813a-c567b4208fdc/main.jpg,Mid,13
1,-7.449416666666667,41.94694444444444,1000,data_main/891ed65b-6c32-40b8-9aae-e22055512d3f/main.jpg,High,10
1,-3.691614832917911,40.43070188407322,500,data_main/892b472f-40c0-4344-90fd-bbba5b79de22/main.jpg,Mid,0
1,-8.904527777777778,42.22116666666667,1000,data_main/896cba0b-276c-4a40-b588-d22493c6d669/main.jpg,Mid,10
1,-3.694971745564548,40.39108509739616,800,data_main/89836cd8-902b-4b45-aff9-aafb294fdd59/main.jpg,Low,13
1,-3.574343122951232,40.47015300135568,800,data_main/898c65bf-090c-4a1b-a44a-3d92b1965f68/main.jpg,Low,12
1,-60.55537509999999,-62.9409297,1000,data_main/89c8cfa1-54fd-4cce-bd66-93c332cef81c/main.jpg,Mid,5
1,44.5107855,48.7172554,1000,data_main/89dc1c80-b06d-478f-8a17-95f749ced327/main.jpg,Mid,3
2,-4.003294687252089,40.44324637133367,0,data_main/8a121504-37cf-4d12-969a-a6da1802fa3c/main.jpg,Mid,0
3,-3.716333872451296,40.43662175371232,100,data_main/8a3b45ac-d2bc-4e97-8101-d5af4b40613c/main.jpg,Mid,1
2,-3.712595448820414,40.44420091117868,700,data_main/8a3f8426-f313-458e-a0b8-25c38fcf82bf/main.jpg,Low,13
2,-3.690244439589169,40.40006843778221,600,data_main/8a5c4cea-4d88-4420-b73e-3b96ac3171b5/main.jpg,Mid,10
2,-3.684584268773497,40.46309663885419,600,data_main/8a6fd78a-e574-4bcb-b059-61cee127f178/main.jpg,Low,13
1,-3.684187800000018,40.4060962,1000,data_main/8b0d4255-1a33-4b98-afca-d49547d1d778/main.jpg,High,3
2,-3.686269653731496,40.45281451049717,600,data_main/8b22be98-fcd5-4340-98d6-44343d58ce44/main.jpg,Low,13
3,-3.6900241638907465,40.34268167849132,500,data_main/8b430d78-589f-4550-ad5d-0dc237b7be38/main.jpg,Low,13
2,-3.694924545621544,40.43690540758848,600,data_main/8b684ced-1b2a-4a07-a5f1-7513364db98a/main.jpg,High,10
1,-8.888675899999953,43.22794690000001,1000,data_main/8ba53f7f-b313-4050-a4e7-813fdf0c5f82/main.jpg,High,4
1,-77.17745339999999,-9.5766313,1000,data_main/8c5c796b-9fb4-4721-8ce3-16efb6a2946d/main.jpg,Mid,4
1,-3.7218544182655786,40.43793725485899,900,data_main/8c5d59f4-ea2b-4d6d-becd-e25125061ace/main.jpg,High,10
2,-3.702168315990886,40.41232213776173,700,data_main/8c77bfd7-61ad-457c-bbaa-840ddba76fd3/main.jpg,Mid,10
1,-4.024125300000037,39.8546441,1000,data_main/8c77f3aa-f20f-43c4-ba06-a8707bf4701f/main.jpg,High,5
3,-3.6512807458639767,40.39704219033446,500,data_main/8c7ccef7-1754-43ef-ba38-4504a8b26e2c/main.jpg,Low,13
1,-3.692541993533297,40.41498271246368,800,data_main/8ca3d8fd-8507-46c6-86eb-e3b0bd53a59f/main.jpg,Low,13
1,-8.164805555555557,43.26383333333333,1000,data_main/8ccf4fd2-9a89-4367-bafb-fe533606ab46/main.jpg,Mid,10
1,-3.712116523358495,40.41916111618981,800,data_main/8cd7a261-3dce-4642-85e3-36bd8624c297/main.jpg,Low,13
2,-3.6953774471568273,40.40926280409965,600,data_main/8d1cfc56-4180-4a3b-8b54-2828db724aed/main.jpg,High,10
1,15.97732700000006,45.8110694,1000,data_main/8d2c840f-6e34-4ca1-b98c-2770a2a452a4/main.jpg,High,6
1,-3.688870043257671,40.419989797657536,500,data_main/8d9588b2-0b47-4b9d-ab6e-2a0059ef9800/main.jpg,Low,0
2,-3.6697194757013634,40.42175683630901,600,data_main/8dc1f425-adee-4f5a-ae32-df649195a8ae/main.jpg,Mid,10
1,-3.7024635195003457,40.4169769190993,800,data_main/8dcca753-a225-4d25-a191-61a606e0d892/main.jpg,Low,13
2,-3.664690887998065,40.430233472596406,600,data_main/8e02caf1-2453-4664-bc5c-b06ab264f907/main.jpg,Mid,13
1,-3.704825007063231,40.411118717800285,500,data_main/8e615c6b-e212-49b3-8d5a-e906b030b52d/main.jpg,Mid,2
2,-3.7087338575144777,40.42256029007748,600,data_main/8e8c52d8-3aaa-4bbe-a538-952a5559a463/main.jpg,High,10
2,-3.680435420294789,40.419496057842544,600,data_main/8e9e49a9-08f9-4e01-b0cb-63e2179e318e/main.jpg,High,13
3,-3.655583210651249,40.393549376847496,500,data_main/8ee31212-188c-4fc9-a3d2-1d16e5fa1d1a/main.jpg,Low,11
1,-7.362805555555555,43.42805555555555,1000,data_main/8f0646d9-3f4e-414b-84f5-509ff603ba2d/main.jpg,Mid,10
1,-3.725639403704804,40.40063949620324,1000,data_main/8f2117c9-471b-475e-96b9-8cce9e4f0f75/main.jpg,Low,4
1,-8.98361111111111,42.70363888888889,1000,data_main/8f375dd2-4877-44fb-88f9-2264e86ed5e2/main.jpg,Mid,10
1,-3.699323431645508,40.38804982629455,800,data_main/8f60e8d2-e437-4c56-a34c-7e8c597e463b/main.jpg,Low,13
2,-3.726748048041429,40.43261963639437,600,data_main/8ff11928-6093-4140-804b-92ef597ce798/main.jpg,Low,13
2,-3.7129481367276185,40.41754337324238,700,data_main/90504d9c-afe2-4d95-b0d8-d63dd4c32024/main.jpg,Low,13
1,-7.004166666666666,42.43472222222222,1000,data_main/90a3f8ee-4aa4-4137-bcb8-653e295fabca/main.jpg,Mid,10
3,-3.631351957166973,40.467333144823456,400,data_main/910d1fea-ea6d-45a3-a0d6-6199fca3d06f/main.jpg,Low,13
1,-3.725361374722022,40.436331047884536,800,data_main/91249ba1-614a-419b-bbda-fc970f0bc21b/main.jpg,High,13
2,-3.7212276560031214,40.43456411877799,600,data_main/914482fe-3939-4c7f-923e-27b2d6c044fe/main.jpg,Low,13
2,-3.7745517253941694,40.40044433122627,600,data_main/917fb538-3397-4bd9-bc73-c8e112f2904b/main.jpg,Mid,12
1,-3.7126774084733696,40.44298464158624,800,data_main/918e065b-1f20-40e4-94e9-5eec770fa1b9/main.jpg,Low,13
3,-3.6883739879456345,40.40963820726981,500,data_main/9198f189-43e7-471a-bfd3-c12792b3eab3/main.jpg,Low,13
1,-3.652418582261822,40.38185544198019,800,data_main/91b36479-991b-4112-9053-256ef9e81ec5/main.jpg,Low,13
2,-3.727153502688964,40.43267440621962,600,data_main/91f22fb6-882b-41af-ac14-d54d7d60946b/main.jpg,Low,11
2,-3.704544691262899,40.43406413409929,700,data_main/91fa0c3b-74f2-469c-bb24-7b01d00ca9b9/main.jpg,Low,13
1,59.0252539,43.7838974,1000,data_main/92650bf7-3dc3-4775-a11a-3e356f6d47ac/main.jpg,Mid,4
2,-3.730767604369112,40.45029942937783,600,data_main/926ad776-3ef4-4066-bfcc-47a34570fbb8/main.jpg,Low,13
1,-8.395,42.74636111111111,1000,data_main/928b0728-73d2-47e5-ba45-a82309e55cc0/main.jpg,High,10
1,-3.7455093184725374,40.38800328931783,800,data_main/92dea0a8-eaf3-42a1-9128-900f8b58cf51/main.jpg,High,13
2,-3.720414510124457,40.42023583651366,700,data_main/92e44179-2ad4-453f-8913-3093b91dc341/main.jpg,High,13
1,-7.868722222222223,42.34547222222223,1000,data_main/92ebd625-01ef-43d5-972a-b589a35d6493/main.jpg,High,10
2,-3.681532395264785,40.42119268639031,600,data_main/9319a61e-b8c3-45af-a9d2-6143646312c9/main.jpg,Low,12
1,3.894904499999938,39.99863819999999,1000,data_main/932a3af6-6489-4348-b267-2f39173c393a/main.jpg,High,7
2,-3.714546377783068,40.41263258774636,700,data_main/935adb6e-0a75-4ad9-806f-0a2d7fdcda1e/main.jpg,Low,13
2,-3.712783789258312,40.41537320787904,700,data_main/936d762f-585d-477b-aeb3-f200753cf6ff/main.jpg,High,10
2,-3.694774645316129,40.54477925203847,600,data_main/939a8f54-47f8-4eb4-a236-1db8feec152d/main.jpg,Mid,13
3,-3.674930608641561,40.41241117319576,400,data_main/93c4b38a-2fc6-4c5e-a3d7-af4a72c0c4fc/main.jpg,Low,13
1,-7.138583333333334,42.29219444444444,1000,data_main/94060a03-6988-4e0e-9050-46e02a6a550e/main.jpg,High,10
2,-3.7096815781345738,40.41403192602032,600,data_main/94184820-9a04-41fa-b7e2-aa8f417c4990/main.jpg,Low,13
1,38.2545917,34.30251329999999,1000,data_main/941f523d-3bd7-4157-a8c3-ba51786c3a33/main.jpg,Mid,4
2,2.6411271062999697,39.57022871249056,250,data_main/943074e7-ecb0-4cdd-b064-3298116fb4dc/main.jpg,Low,0
2,-3.6819166768312734,40.42027111743815,600,data_main/944b6f0a-ed29-46d5-80ea-a924beab2585/main.jpg,Low,13
1,35.79433344970698,32.903976763645694,1000,data_main/9456a619-0373-4d13-8b4d-46a65007a4e7/main.jpg,High,3
3,-4.008772252379695,40.45477841956509,0,data_main/947685f1-9a42-4f03-bfb3-63a4d8427906/main.jpg,High,0
1,7.670410942327862,45.07639362771865,1000,data_main/94aaaa73-e8cb-4172-9cdc-c89d3755e82b/main.jpg,Low,4
2,-3.681104196857096,40.41100559296495,600,data_main/9578718a-19ef-4684-b1a5-1737eb3ad6f6/main.jpg,Low,13
1,-3.731584776974755,40.43941795440747,800,data_main/9592fcff-42a1-478d-acfb-dd9ac8202a6f/main.jpg,High,13
2,-3.7125725883320646,40.42105020347944,600,data_main/95db04ad-340c-427e-a440-cd4d7bbd0c1f/main.jpg,Mid,13
2,-3.691355347156553,40.411899709662826,600,data_main/95dbe82c-ce35-423f-832c-95276d05cb42/main.jpg,Mid,13
2,-3.660696027751595,40.45970969647414,600,data_main/95fe9f97-4ae2-4a03-9474-b0d45ca415e9/main.jpg,Low,13
1,-7.27475,42.37136111111111,1000,data_main/962b4b26-8007-41d1-b306-06cba5925915/main.jpg,Mid,10
1,-3.7300806418323686,40.44969771397166,800,data_main/965d3629-d2d3-4740-ba75-a391a5af347d/main.jpg,Low,13
1,26.48228452423359,42.55036025219167,1000,data_main/96978259-9142-4b5e-93ef-91f1fcc989de/main.jpg,Mid,5
2,-3.736682126224525,40.38520839919127,600,data_main/96bf2b93-0895-4212-833b-5acb180d0d88/main.jpg,Mid,13
1,-3.69956773930541,40.41734582990031,800,data_main/9726d1dc-f058-4ea8-89f7-582c7974ce8a/main.jpg,High,10
1,-3.684797600000024,40.3099216,1000,data_main/973b5426-df6e-4dfb-860c-0b4cfc9d0d0f/main.jpg,High,4
1,-23.783052959863312,64.80014807338385,1000,data_main/97835a71-2fff-4a26-b3ed-8fe64d2fe557/main.jpg,Mid,6
1,12.247593300000062,42.49165989999999,1000,data_main/97a3bd75-3da0-4577-a964-e395160acedb/main.jpg,Low,4
2,-3.6914067181991936,40.43795176739592,0,data_main/97a9abe4-75e0-4999-b0ce-00555aa98a26/main.jpg,High,0
2,-3.699658572621916,40.41999206746485,600,data_main/97aa2846-8595-49d3-99d7-4accb92cc418/main.jpg,High,10
2,2.646574658386589,39.5708910351739,250,data_main/98203762-8450-463b-885d-6454c2b5d365/main.jpg,Low,0
2,-3.701815087332144,40.41731385250003,600,data_main/9828be51-afce-4408-bc8d-4524fbf279d1/main.jpg,High,10
1,-3.72421081641364,40.41920310685956,800,data_main/982e62ba-c3ba-4773-b52e-48aafe6ebadb/main.jpg,Mid,12
1,-3.707369400972756,40.412971157638985,900,data_main/989c9888-594e-444a-b5d4-929a0100a54b/main.jpg,Mid,10
1,-3.700411040859792,40.407443897313705,500,data_main/98daa830-bdec-49c6-8674-ede91182d871/main.jpg,High,2
2,-3.6850202786224906,40.41945096510063,600,data_main/98e94a44-5962-4c57-894d-f5df426aff0b/main.jpg,Mid,13
1,27.33275720000006,37.9124015,1000,data_main/990398e4-fad2-4d10-b8e2-593f11404248/main.jpg,Mid,6
1,-3.700620160156406,40.41767665200611,500,data_main/996c5dc1-3e79-4d7c-b051-42e7aee5ea55/main.jpg,Low,0
1,-3.700472200000036,40.417865,1000,data_main/9974e7c7-6c13-4181-ac83-f48b4dddae79/main.jpg,Low,6
2,-3.698960843275197,40.45322324093673,600,data_main/99e5404a-db26-4676-ae52-cab623309d50/main.jpg,Low,13
1,-3.686973179986409,40.432979954546646,800,data_main/99ff01c0-6d0e-4a71-8899-2e63ed3997ed/main.jpg,Low,13
1,-8.819972222222223,42.81166666666666,1000,data_main/9a2e9c72-4268-4e35-a0d2-3b11a097025a/main.jpg,Mid,8
1,-7.735111111111111,42.20427777777778,1000,data_main/9a60218e-6848-45eb-91a5-0187b9e27093/main.jpg,Mid,10
1,-3.680960534297373,40.4177992653548,800,data_main/9abc92cb-6701-48ef-8327-e34618db2657/main.jpg,High,13
3,-3.64351968062124,40.40368029501469,500,data_main/9b02d8aa-83e0-4781-925a-4ac4f60761b8/main.jpg,Mid,13
2,-3.698883891055793,40.42416079846899,700,data_main/9b36e38c-50f1-40d9-98dc-bf52ecd2068b/main.jpg,High,10
2,-3.705510095790745,40.40960698563183,700,data_main/9b6329d0-28da-40a0-9438-98eda7d84c2d/main.jpg,Low,10
2,-3.7018219570820414,40.44030518098882,600,data_main/9bdf1546-f17c-4d63-9327-d3a75f9aa312/main.jpg,Mid,10
1,-3.709023692234164,40.4153602918824,900,data_main/9c04e046-e655-423c-a4a0-fa3f1d825432/main.jpg,High,10
1,-1.2146104999999352,42.5942381,1000,data_main/9c09c4d6-76f3-416c-b482-728655fecfaa/main.jpg,High,4
2,-3.6600904869488993,40.45929874257081,700,data_main/9c6b7f47-77fc-45b5-aaf1-b2f70959daee/main.jpg,Low,13
1,-5.750340977384894,41.50130511307705,1000,data_main/9c82ef56-c72f-4920-8ce4-0dfa1502cadd/main.jpg,High,6
2,-3.6811529345648615,40.42828467450708,600,data_main/9ce55fe8-6ea5-479a-9bf5-ca1d687c172a/main.jpg,High,10
2,-4.005337330865753,40.44642155210858,0,data_main/9cef7ade-2ed2-4b4f-bc91-c92c6716fa5b/main.jpg,Low,0
1,-0.147064,51.566995,1000,data_main/9d06c579-b645-41ce-b2f4-b57524cc7cea/main.jpg,High,5
1,-3.712419459140926,40.41882591552657,800,data_main/9d250bd1-e9d9-435c-ab4f-277c9e4166f6/main.jpg,Low,13
1,-8.530277777777778,42.54180555555556,1000,data_main/9d33db5f-2096-416c-bb3c-204b0c0aa3f9/main.jpg,High,10
1,-3.725022288040027,40.44318001543876,800,data_main/9d6c5ae4-2c80-46d7-bd12-6d0a578c9053/main.jpg,Mid,13
3,-3.709598394250748,40.42294237533695,500,data_main/9d982812-56c9-4b2c-8de6-b08596c9d411/main.jpg,Mid,10
1,-3.610920599999986,37.189151,1000,data_main/9d9a90bd-f145-4692-88eb-55444a68298f/main.jpg,Mid,3
2,-3.707634907089989,40.44726020811597,700,data_main/9da86915-2fd6-4963-86f5-520c6eb2b790/main.jpg,Mid,13
1,14.52208808525006,35.887671521143055,1000,data_main/9daa6c54-abd5-44b5-a5d2-ff74972ffb81/main.jpg,High,4
1,-3.689730008629688,40.41778331768985,900,data_main/9ddbde9c-ab08-46d0-9887-55f80ea1cd4d/main.jpg,High,10
1,-3.713311787748841,40.42153999238533,800,data_main/9e0feddc-108e-4ff3-82dc-f7aceb707d59/main.jpg,Low,12
2,-3.711534008918246,40.42093047357748,700,data_main/9e393ddc-545c-4123-80da-9291034e5900/main.jpg,Low,13
2,-3.685135819634701,40.43316202971123,600,data_main/9e5cad64-077b-4e3a-94b6-99e7b2578000/main.jpg,Low,13
2,-3.7017578195321583,40.42936179973726,700,data_main/9e839866-339d-4f22-be4c-54180b0d5e39/main.jpg,Low,13
2,-3.739578270034848,40.38660116102804,600,data_main/9ec1db12-0ff9-4058-947f-83aef3aca09f/main.jpg,Low,12
2,-3.68950836611669,40.43071965314907,600,data_main/9ecc39ce-f3c6-488a-9a69-fea73df150e1/main.jpg,Mid,10
1,-9.065555555555555,42.78275,1000,data_main/9f7e5456-ab73-4ebd-b8f9-39c0e21a4a59/main.jpg,High,10
1,-8.0283042,42.7979644,1000,data_main/9f93a3d3-df6c-46ef-84a1-d8804f42f552/main.jpg,Mid,1
2,-3.710809418427343,40.41208167798535,700,data_main/9faf3542-17cc-49a0-a18a-83de2a6dfa8c/main.jpg,Mid,10
2,-3.6622537175650303,40.45469972899368,700,data_main/9fb185df-0fd3-4dd3-85ed-f4f636626020/main.jpg,Low,13
1,-4.020706399999995,39.8569819,1000,data_main/9fbffe7b-f2b7-4ead-8957-b0fcec973288/main.jpg,High,4
1,-3.6035577418764246,40.46432173275739,800,data_main/9ffa864f-2666-4386-8d34-387d133ceae5/main.jpg,High,12
1,32.60773310000002,25.7372598,1000,data_main/a0145cf5-cc85-47c6-a4c8-1e91e4452acc/main.jpg,Mid,4
2,-3.645085790503588,40.475095120445175,600,data_main/a019b363-bb0d-4969-8993-dbaa43442148/main.jpg,High,13
2,-3.703466938452617,40.40803440320469,600,data_main/a0317fed-2557-4e78-b5c9-507998f8de03/main.jpg,High,10
3,-3.692407260829588,40.44005534190242,0,data_main/a088152f-fe31-4dfb-a867-3e9256a272eb/main.jpg,Mid,0
2,-3.705459505540731,40.42056229267926,600,data_main/a0d20eed-0274-4838-acf9-d97d2940a2aa/main.jpg,High,10
1,0.074308,51.682622,1000,data_main/a0f3f39c-fc87-4031-900d-d4776b1f3491/main.jpg,High,7
1,-3.7079430421186426,40.41367731464028,600,data_main/a1058fc5-8b4e-43db-8758-2a4197eb69ca/main.jpg,High,1
2,-3.712903273522045,40.41775986680819,600,data_main/a12ff609-7252-4ad9-8e5f-8263aff972ac/main.jpg,Low,13
1,61.116925,41.755256,1000,data_main/a14dacbf-d477-4a9c-adf9-dbcca95e4d99/main.jpg,Mid,5
1,-3.6922753212613824,40.417714050709975,900,data_main/a187f7d5-d692-4a1b-b103-7eeac7c5579b/main.jpg,High,10
2,-3.696339159241371,40.42810366133962,600,data_main/a18d017f-6386-4ba8-80a1-b6d56c784931/main.jpg,Low,13
2,-3.631290801841481,40.46836050316527,600,data_main/a1f96973-0a8a-46bf-931f-7d6c0bb291b5/main.jpg,Low,13
2,-3.702246784024105,40.417217086707446,700,data_main/a24e3fbd-963d-4281-bced-28586b06781b/main.jpg,Low,13
2,-3.722521190305384,40.41882629001082,600,data_main/a255088c-dfaa-434a-aab4-21cec3851262/main.jpg,Mid,13
3,-3.708019474190648,40.44667249579996,0,data_main/a25ecbc7-d73a-45be-a0e1-4766b3a90328/main.jpg,Low,0
1,-3.6791477402624775,40.41217927022523,800,data_main/a270ee27-bca6-4383-9cc9-e22e708552d2/main.jpg,Low,13
1,2.401112399999988,41.9541291,1000,data_main/a30c5938-b7df-4feb-99e4-471cfaaacc55/main.jpg,Mid,4
1,-3.69979134642512,40.42691245380727,800,data_main/a331052d-37ad-4b2d-9dc5-880bff94d3a0/main.jpg,Low,10
1,-7.86875,43.76877777777778,1000,data_main/a335ef5d-dada-4e74-a15d-0fc15fb538d9/main.jpg,Mid,10
2,-3.6622930226849992,40.42174556328786,700,data_main/a3b97f44-ba87-44f7-ab24-c2b57a6a0a19/main.jpg,Low,13
1,-3.702004699999975,40.421546,1000,data_main/a3e973b7-bb2a-462d-8d01-749eac1c70b7/main.jpg,Mid,11
2,-3.762097422985464,40.448713343630445,600,data_main/a42f7417-152d-444e-988f-e52bfc5f2aba/main.jpg,Mid,12
1,2.644497145701865,39.5682670491557,500,data_main/a43af43a-2804-4d44-ac5c-b88c757d4c7b/main.jpg,Low,0
1,27.86481100000003,43.2127874,1000,data_main/a4462345-de59-428b-adf7-ab6cbf63d41b/main.jpg,Mid,4
1,-3.69742999999994,40.39230329999999,1000,data_main/a5342bff-d0b7-4b86-b6e4-25842553046d/main.jpg,Mid,4
1,-3.621730741880216,40.420280457570335,800,data_main/a53c6b52-fbd3-44ad-af52-444fb35cfc35/main.jpg,Low,13
2,-3.7104118761990375,40.41510852626656,700,data_main/a5de3473-b761-4fbd-9273-0e313a734965/main.jpg,Low,13
2,-3.664690887998065,40.430233472596406,700,data_main/a5e4d1a6-bab1-4be1-b2f5-acaf098a3d65/main.jpg,Low,13
2,-3.611192962653369,40.421959177234726,600,data_main/a5fe0614-80f3-434d-ba1b-7561f9db4284/main.jpg,Low,13
1,-7.752472222222222,43.74430555555556,1000,data_main/a62ced72-2abf-41e3-9bf8-0cff3d1b6310/main.jpg,Mid,10
2,-3.680722110205012,40.46007207086298,600,data_main/a67f5f4b-d9ee-4581-832e-fc9fa34b6a4a/main.jpg,Low,13
2,-3.709852221827304,40.42241829328353,600,data_main/a6a35e59-108e-4841-a119-8161e02aa287/main.jpg,Mid,10
2,-3.719344922699494,40.40835056162554,700,data_main/a73de407-2589-467f-b7a3-9e54a0772f95/main.jpg,Low,13
1,-3.6974552127875446,40.41871024079712,800,data_main/a7413a4f-7f2a-4c8f-9c48-2d0ac2bd93b8/main.jpg,Low,10
2,-3.716063455842343,40.404533073753015,600,data_main/a749b9cd-f838-45ad-b44a-625e08329608/main.jpg,Low,13
1,24.796347999999966,46.2207429,1000,data_main/a7c78f54-121c-48c9-848f-826b96fbf589/main.jpg,High,5
1,-8.716388888888888,42.23538888888889,1000,data_main/a7cf8383-c4ba-4371-9d57-065fdaea5372/main.jpg,High,10
1,-0.3752039588607658,39.47561206508141,1000,data_main/a7e0bf0e-ee70-42ed-b98b-64f01dd63870/main.jpg,Mid,4
2,-3.6907524317049822,40.42593095487881,600,data_main/a7e9cb48-ea53-4d68-a48b-fb7641439477/main.jpg,Low,13
1,-3.7122020764109696,40.41833175779973,800,data_main/a820f10f-99f6-4e2a-8949-d7edf79e1207/main.jpg,Low,13
2,-3.688634359907387,40.41668173613076,600,data_main/a87edbb8-cc87-4eef-ba58-6efaf17a756a/main.jpg,High,13
1,-8.647499999999999,42.43386111111111,1000,data_main/a8860afc-dea7-49a0-9f07-24e961082b37/main.jpg,High,10
1,-3.690636205587448,40.43485236470845,500,data_main/a8933578-2478-430e-a6ed-7d936fddee5c/main.jpg,High,0
2,-3.753465520658836,40.41572508841062,600,data_main/a8ca8a90-ac4c-4f29-a63d-5195ba79084b/main.jpg,Mid,12
2,-3.723119,40.43079,600,data_main/a8cb7bf5-6aaf-40ac-a043-1def116c7a86/main.jpg,Low,13
2,-3.683848791965606,40.40619657157502,700,data_main/a8e73126-171f-4130-9a9f-49c75843ea23/main.jpg,High,10
2,-3.7524604439798224,40.41580794055421,600,data_main/a8ee129d-546c-4208-bb42-2d9feb612539/main.jpg,Mid,12
1,-3.6875301560294753,40.43210276816748,800,data_main/a8fafc66-37be-4cef-8f50-f82ee5b8338d/main.jpg,High,10
1,-3.7107807838344855,40.42104321522796,800,data_main/a90298a8-f122-4a8b-9f6e-5a046653b577/main.jpg,Mid,10
2,-3.698542888220262,40.419685368324615,600,data_main/a969a212-5b8b-4a41-bde8-6383d4c1aff4/main.jpg,Mid,10
1,-8.301666666666668,42.6175,1000,data_main/a9de2887-7e81-4361-9da1-59ed4d721973/main.jpg,High,10
2,-3.644247616967477,40.410811428825305,700,data_main/a9ef4cd0-d78a-4166-98c2-95e3b29373bb/main.jpg,Low,13
2,-3.69912605042607,40.41680795902518,700,data_main/aa1047e8-e78e-48a2-a3fb-d6a16df58dd8/main.jpg,High,10
2,-3.692512084950449,40.415514425470896,600,data_main/aa2ead0c-ee4b-44cc-951e-8b7282426bd3/main.jpg,Mid,10
2,-3.75789965983893,40.38191747465931,600,data_main/aa303a9a-f7f4-4662-9af1-3c2e3cd717e9/main.jpg,Low,13
1,-3.675026589526969,40.4439087372713,800,data_main/aa4cafa3-1642-4abd-9850-fd6e8d646311/main.jpg,Low,13
1,-3.7149244,40.3996569,800,data_main/aa84ec84-2487-45c1-94b9-8e9c52e53659/main.jpg,Low,13
2,-3.6891330857447215,40.49438021923817,600,data_main/aabbc6bf-0dc6-4084-b95a-04efbf8a1626/main.jpg,Mid,13
2,-3.690546615882195,40.446721660974646,700,data_main/aad14446-f958-48cf-a6ef-166810c2a1f9/main.jpg,Low,13
2,-3.6902973925465417,40.45269447790723,0,data_main/aaf778a1-37bb-4595-ade4-21f226e3c91a/main.jpg,Mid,0
2,-3.704586337195032,40.42047752700586,700,data_main/aafeb298-5341-4285-9d61-b5c8dcd40dcb/main.jpg,High,10
1,-3.703799031453799,40.416550888822,900,data_main/ab079626-2c31-4074-80ad-336bba416b2b/main.jpg,High,10
1,-8.873722222222222,41.86997222222222,1000,data_main/ab8e0e38-1480-470a-be41-3763ef136218/main.jpg,High,10
1,-3.707385727413197,40.41539735232832,900,data_main/ac380663-4683-4b7e-8273-436f19874002/main.jpg,High,10
2,-3.681167463418638,40.43130259371522,700,data_main/ac7176e1-3a5f-4ce0-848e-5a936953ff1b/main.jpg,Low,13
2,-3.6926282629724767,40.47967581753548,600,data_main/ad68c5ed-16b7-4e70-89cc-b52751e2445e/main.jpg,High,13
1,-3.694824529686046,40.4160310259887,500,data_main/ada425ce-fa30-4d62-abf1-ea968232fea9/main.jpg,Mid,2
2,-3.687873799805069,40.43420552208373,600,data_main/adaa5d78-ca8e-4579-9a2c-cc878bb3efdb/main.jpg,Mid,10
2,-3.697301746425403,40.41935051716017,600,data_main/adcb9cb0-c4de-42b3-98c7-0d24da38a414/main.jpg,Mid,10
1,4.232939999999985,39.88087000000001,1000,data_main/add2e545-0b0b-4550-9f3b-3dcf8000326f/main.jpg,Mid,5
1,-3.711829656904652,40.41878450322952,800,data_main/ae6588c6-ebf5-4dc3-a3e9-3dbb5e3e70d0/main.jpg,Low,13
1,-4.1526513,40.5684731,1000,data_main/ae7b04d6-89f7-49cc-9434-e1d33b15b019/main.jpg,Mid,5
2,-3.692255368309393,40.439912414300345,600,data_main/ae8ba0de-6d8c-4777-9791-c56eaafdefa8/main.jpg,High,10
1,-3.8202535,43.4144275,1000,data_main/aeba5f7a-7bc9-496d-9493-43bd17e9e31f/main.jpg,High,3
1,-8.395999999999999,43.37135,1000,data_main/aefd731e-7c06-4bec-bcdb-5ebce70794e6/main.jpg,High,10
2,-3.695407257339229,40.41737993845497,600,data_main/af024530-4142-432d-bdfe-9f37ea3ce1bd/main.jpg,High,10
1,134.0183889,33.855356,1000,data_main/af0f8a7b-ca71-469e-a882-f20705acf206/main.jpg,Low,4
1,45.01106170000003,40.56385059999999,1000,data_main/af6b3ece-0de8-4c37-a26d-63951f2f9c1a/main.jpg,High,4
1,-7.559166666666666,43.00888888888889,1000,data_main/af8d4cb9-282e-41f9-a03e-bf696e7a657a/main.jpg,Mid,10
3,-3.696078069568077,40.41426942327938,500,data_main/afa84cb0-cd11-426e-b8cb-1d7d6cccd34e/main.jpg,Mid,10
1,38.74079949999998,37.9807788,1000,data_main/afc0f0ff-77ea-4d11-ac4d-94f391f4f2dc/main.jpg,Low,4
1,-3.706474495078322,40.42782496214609,900,data_main/b00cd168-780a-4d54-a361-96686f76e396/main.jpg,Mid,10
1,-3.6117719956279433,40.463555560548485,800,data_main/b0247094-b305-40b1-8afd-d3f082d77e7a/main.jpg,Low,13
1,-3.703374110735152,40.416923224923565,500,data_main/b0614eca-8621-44ca-8f8e-6b9eeb9ece35/main.jpg,Mid,0
3,-4.002929464455895,40.44092549844338,100,data_main/b0a3ab0b-600b-4f3c-b01d-97431a258581/main.jpg,Mid,0
1,-3.694160118806713,40.41522318301387,0,data_main/b0ac4c1a-5f1e-4682-bd7c-f954084ed41b/main.jpg,Low,0
1,-3.712443320308865,40.41773567494212,800,data_main/b0c29e8f-0cb3-4bc3-af91-a4a83fd823d6/main.jpg,Low,13
2,-3.694216417752121,40.43225199980942,600,data_main/b0d2ff28-715f-4ca6-83b0-19efcaab3feb/main.jpg,Mid,9
2,-3.6809011690830986,40.44746770604274,700,data_main/b0dcd56e-bed1-44b7-b555-a1b76b99518f/main.jpg,Low,13
1,-8.203888888888889,43.424416666666666,1000,data_main/b0ea9b9a-ec3b-4368-b988-fbe6e7f765a5/main.jpg,Mid,10
3,-3.692262114741247,40.40952490238327,500,data_main/b0f5f17b-dc8f-49e8-9b64-413f674af51d/main.jpg,Low,13
2,-3.698490337359729,40.41916316149634,600,data_main/b1821f48-a875-42fe-821b-8dcbfc54ed7f/main.jpg,Mid,10
2,-3.71044048589453,40.4149718589678,0,data_main/b185f8e9-ec98-4910-bc32-326bb5ab2f6f/main.jpg,Mid,0
1,-3.692296820498533,40.4222967767356,500,data_main/b18f3265-8773-47f7-bad7-4ab161098cb5/main.jpg,Mid,0
1,-3.91348400000004,41.026408,1000,data_main/b1cbc183-b1ca-4991-b8a4-bf87e9446358/main.jpg,Mid,6
2,-3.690708012146634,40.437992686955496,0,data_main/b1f9c98b-6e19-46c5-b765-0eccdaf28a5e/main.jpg,Low,0
1,-8.936333333333334,42.38238888888889,1000,data_main/b214b0a6-ca3b-4763-b86c-1c2559776085/main.jpg,Mid,10
2,-3.691117293033095,40.42434262329433,700,data_main/b23d83ab-987d-4e81-8113-7d31f0b05dc9/main.jpg,Low,13
1,-7.595027777777777,43.616083333333336,1000,data_main/b24e3762-f94a-4648-a1d4-88295076ca89/main.jpg,High,10
3,-3.641014408227241,40.39673919610475,500,data_main/b27b9c9e-a19d-44fd-b5a7-c19da97eb928/main.jpg,Low,12
2,-3.697024398895168,40.54421616143589,600,data_main/b2dbc6e9-857d-40db-9583-43fb83b1c4fb/main.jpg,Low,13
2,-3.694224975092802,40.424691322944106,700,data_main/b2e654a6-1f1a-4e0c-8cd0-7f4bd5ea7fab/main.jpg,High,10
2,-3.6981123266852105,40.4190843632902,600,data_main/b39792de-d3a9-423e-b57b-62e883fb6da4/main.jpg,High,10
1,2.336210913616924,41.570939570103896,1000,data_main/b39a89b4-739f-4352-a4b1-d48d58542236/main.jpg,Low,6
1,-3.71490523849719,40.42315292503742,800,data_main/b3eddac1-e6c4-4451-9026-8d63254291e6/main.jpg,Low,13
2,-3.6970871436010455,40.37227037496382,600,data_main/b409d112-96d2-45c2-888e-6e78a906b2f4/main.jpg,Low,13
2,-3.700924275126349,40.419716000547446,600,data_main/b40de572-8d6f-40a6-ad47-dad4ad645f1a/main.jpg,High,10
1,-3.7046780182148007,40.41683731629688,800,data_main/b418cff3-634e-4845-8fef-742d08c2b5e3/main.jpg,Low,13
1,22.5695098,46.5537948,1000,data_main/b4309469-f2a5-4151-a18e-fb53a5f21f4d/main.jpg,High,6
2,-3.67962694520718,40.416464763984216,600,data_main/b43b4d9f-8477-4a50-bfd1-8540aca3d1c3/main.jpg,Mid,13
1,7.669745547221396,45.07797739014342,1000,data_main/b4704372-ee05-4e39-bb74-fe9532478642/main.jpg,Low,3
2,-3.714497099704165,40.4458491492881,700,data_main/b493362d-d9ea-4b5f-9d5c-d1cae1c1d411/main.jpg,Low,12
2,-3.699140281286189,40.41932139571109,600,data_main/b4c81999-d53c-4c8a-bff4-2f6d72e35322/main.jpg,Mid,10
2,-3.760818340772031,40.38564275021698,600,data_main/b4cbea48-f29d-4d0e-8ce7-0ec9e976356a/main.jpg,Low,13
1,11.6290825,44.8304483,1000,data_main/b4deb8d1-78b8-441a-9497-6ac77b456514/main.jpg,Mid,1
2,-3.696498343926474,40.43059863217776,600,data_main/b515789a-f8ff-41a5-94ff-edb0523e5244/main.jpg,High,10
1,-3.7057720957998135,40.415929853824935,500,data_main/b5366a56-4b01-409d-9a2a-18b29185dd76/main.jpg,Mid,2
1,-0.6668454000000565,42.5078408,1000,data_main/b537df85-3edc-47dd-bb84-b081fd41e186/main.jpg,High,4
2,-3.690423011904708,40.41523863003084,700,data_main/b57abf05-d6ab-4531-9cdc-38799ba8de5d/main.jpg,Low,13
2,-3.6903115047286152,40.4158609202182,700,data_main/b581cc72-42b9-46af-997e-cf239ee2231b/main.jpg,Low,13
2,-3.65922249355855,40.37887988439102,600,data_main/b5a1bea5-6ce2-4096-87c9-9e5080b3961d/main.jpg,Low,13
2,-3.664690887998065,40.430233472596406,700,data_main/b5b991fa-aae3-4e99-a362-1340ca6e3982/main.jpg,Low,13
1,-3.724501355324688,40.42650760720506,800,data_main/b5d499a1-8982-453d-8343-4c559316ca17/main.jpg,High,13
1,-3.727328616937216,40.43288625552044,800,data_main/b5e9a237-b99a-406b-bb58-71643a809083/main.jpg,Low,13
2,-3.731936574991669,40.43267260040589,600,data_main/b605e489-be10-409a-bffd-2c40f73c3884/main.jpg,High,10
1,-3.7142981757389273,40.41774127037653,500,data_main/b608b232-5447-4251-85fa-1216596bf31b/main.jpg,High,0
2,-3.689867004514447,40.42080953878663,600,data_main/b64b1e9f-7b92-49d2-8d55-f9f2eddc0f5d/main.jpg,High,10
2,-3.633748639665491,40.38843681984411,600,data_main/b6b3a2ca-7fdf-4478-bc41-7ca9c1e2007f/main.jpg,Low,13
2,-3.711628758086704,40.4176388210189,700,data_main/b6b7e1e2-a4c8-4214-8c77-3397f061fc3a/main.jpg,Low,13
2,-3.735464796879181,40.44166668674646,700,data_main/b6e7b2d8-aa10-4f02-9950-bff61961dae0/main.jpg,High,10
2,-3.713170242765982,40.42518166305301,700,data_main/b6eb86e4-71c1-486a-854c-4ae8cc2f401d/main.jpg,Low,13
2,-3.747171125108704,40.414347735687166,700,data_main/b6ecf020-6a4e-4079-ad28-5cf647f75a4f/main.jpg,Low,12
1,-3.682554238974761,40.41104208709156,800,data_main/b78c6166-b329-4b9c-a237-fe603d223487/main.jpg,Low,13
1,-3.714599606357376,40.42377925205143,900,data_main/b7cc44dc-31fc-4364-ba67-756ff45966de/main.jpg,High,10
2,-3.7059982474582585,40.41797341013827,700,data_main/b7dae2b5-dfc9-4db0-adf5-5b30a38b94e2/main.jpg,Low,13
2,-3.724151680891453,40.4268791678844,600,data_main/b7f36b3c-3145-4392-993b-4c2ab9e02cd1/main.jpg,High,13
1,-4.394425,38.422548,1000,data_main/b7ffeb86-2cb2-4407-82d9-23fb59e62fd0/main.jpg,High,3
3,-3.6885947775993184,40.412799071143695,500,data_main/b825093b-1c8f-4b7f-9184-e544aa72b839/main.jpg,Mid,13
1,-8.887777777777778,42.78488888888889,1000,data_main/b83eb036-8bee-4cb9-a0f1-123185b4f039/main.jpg,High,10
3,-3.6679931777649335,40.42241547474438,500,data_main/b85510fe-081d-417f-a3e0-c92b7e8e0824/main.jpg,Mid,10
1,-3.832386664319065,40.49013228980326,800,data_main/b86f81dc-793d-4a2e-b5be-7d8184ee8c0c/main.jpg,Mid,12
2,-3.694056029313679,40.45980502917166,600,data_main/b9498db8-71ad-428b-a83b-40c43f54da72/main.jpg,Low,13
2,-3.727268470061604,40.46805268132601,600,data_main/b9567275-b045-4a66-bdf2-4b553e125c84/main.jpg,Low,13
3,-3.661718925719037,40.479811874274304,500,data_main/b979d707-3e45-4fe5-8de4-8a83a98f8232/main.jpg,Low,13
2,-3.7053592829015214,40.41999533487041,600,data_main/b99e1bf2-61b3-4e7f-bc92-acfddd54c0f1/main.jpg,Mid,10
2,-3.698490642429576,40.42408121377881,700,data_main/ba0032eb-63af-4510-b3f4-8e51905bf07c/main.jpg,Mid,10
1,-4.024319300000002,39.8586619,1000,data_main/ba098a2e-a20b-4472-8a4f-2ee5796b6290/main.jpg,High,7
3,-3.751243479251144,40.38603247075498,500,data_main/ba2e9dfe-915d-49cd-994b-b36c21fc8cee/main.jpg,Low,13
1,-3.712183538164843,40.41880935096959,800,data_main/bb077f12-61d3-4f9e-93fb-97321c567ebd/main.jpg,Low,13
1,-3.688491461539084,40.4351401346244,800,data_main/bb2f39e3-1703-407c-81a6-bb8f56f232b8/main.jpg,Low,12
2,-3.683198925314475,40.41884912730404,600,data_main/bb422d63-63ff-4623-9a4b-0addf893f242/main.jpg,Low,13
3,-3.689119935645557,40.47429008476659,500,data_main/bb4ced6d-665f-497f-83ef-d139822c7a62/main.jpg,Mid,13
1,-8.092416666666667,42.6385,1000,data_main/bbb0e1e9-db16-43fb-aa85-870403522553/main.jpg,High,10
2,-3.694058511312935,40.47993750587912,600,data_main/bbe4b672-340d-469b-9a0e-c1b867de7582/main.jpg,Low,12
2,-3.6920777654946746,40.46032463681944,600,data_main/bc247f77-051f-4937-9f66-c76c1406e9c8/main.jpg,Low,13
1,22.291577500000017,44.6408595,1000,data_main/bc4421b8-e21b-4515-a015-e234084a1c34/main.jpg,Low,3
3,-3.691223890770395,40.460122629725696,500,data_main/bc4e8b2f-42d3-48b1-bed9-c3231691bb2d/main.jpg,Low,13
1,-9.128083333333334,42.91288888888889,1000,data_main/bc56a17d-9b5b-4249-8514-1c7a51a31cc9/main.jpg,Mid,10
2,-3.724636556416496,40.430317574509,600,data_main/bc9e635b-767d-4c03-b2f0-cadec233864b/main.jpg,Mid,13
2,-3.706501085101446,40.420970348006776,600,data_main/bca8e4d3-c6b1-4732-8f1b-3d1a8c39d9ee/main.jpg,High,10
1,-3.690210921050405,40.43508150143175,500,data_main/bcd58127-76bd-44e7-84d8-cc25b46c7962/main.jpg,High,0
1,-0.4982315144123959,41.42392131601315,1000,data_main/bd655aba-88de-4e34-a578-4a78c23a1c22/main.jpg,Mid,6
1,-82.358963,23.135541,1000,data_main/be097d95-04c2-45cd-9c5a-9af3fc221252/main.jpg,Low,4
2,-3.611905566884472,40.44186197577716,600,data_main/be3b185c-0b34-4686-8cc8-0ab9977da676/main.jpg,Low,13
2,-3.701961601139231,40.41971871599279,600,data_main/be5b0d87-3c2b-461e-bfa0-fc16387dfaa4/main.jpg,High,10
1,-3.7260819285571833,40.425614559049066,900,data_main/be645c13-c416-43f8-95a9-b02074e1dbb4/main.jpg,Mid,10
1,-7.113305555555555,42.180527777777776,1000,data_main/be6cbe1f-60a6-44f7-8406-a462c6a76353/main.jpg,Mid,10
1,24.7427874,59.4358897,1000,data_main/bed58561-19a1-422a-b3c8-ae1b3f8a0e04/main.jpg,Mid,3
1,-3.7226305000000366,40.3952181,1000,data_main/bf00510c-2915-476d-959a-8f6542cee91c/main.jpg,High,5
1,-82.76648822189333,21.87750686685785,1000,data_main/bf1e48d0-9b8e-4745-b015-b96be592b592/main.jpg,High,4
1,-3.8983305433777113,57.761888029081625,1000,data_main/bf345996-7402-47ac-abaa-cbfb19eefb0b/main.jpg,Low,4
1,-3.692152352778635,40.41979265992703,1000,data_main/bfaf4656-d8ac-48bf-b640-8434890e09dd/main.jpg,Mid,4
1,-3.707021235828549,40.41545867324677,500,data_main/bff7d516-fab8-4102-b460-fa23f7816241/main.jpg,High,0
1,35.44671,30.322777,1000,data_main/c010ab06-49de-4454-8871-76a853e7556b/main.jpg,High,3
1,-3.5892089999999826,37.169046,1000,data_main/c07d2b5c-5df8-42b3-a3b0-4401b9de74fa/main.jpg,Mid,4
1,-3.724720458071045,40.40078542240816,800,data_main/c07ed022-b1b9-4059-86c4-c481178d1dfd/main.jpg,Low,13
2,-4.00500105939298,40.4463598215135,0,data_main/c080681c-af91-4ce7-bdca-29eaaa87a25d/main.jpg,High,0
2,-3.7002861994874174,40.44229647582703,600,data_main/c0f3bd56-db28-4383-a73e-e0301fb8c9ce/main.jpg,High,10
2,-3.703825594056321,40.41986954619534,600,data_main/c17aa1a0-945f-47fd-8727-13eab3c4a005/main.jpg,Mid,10
1,-3.761360271036638,40.41176029757209,800,data_main/c190cc3a-4cac-4316-b7db-898838424544/main.jpg,Low,12
3,-3.615874240470292,40.46199323713355,500,data_main/c1c9b246-d223-4efa-9523-981cb0054cd6/main.jpg,Low,13
2,-4.829838969991382,36.62956311594338,250,data_main/c20052c2-0b1a-48bf-8253-b57e4fb1a70d/main.jpg,High,3
1,46.25019459999999,39.3793571,1000,data_main/c2218b54-ca46-467b-8408-a84f84943c0a/main.jpg,High,4
2,-3.701482388522573,40.425784704568514,600,data_main/c28c9073-db48-47fb-ace9-01ea17111dad/main.jpg,High,10
1,-3.71239162265991,40.41506931751636,800,data_main/c2a4956a-32a4-4870-aef5-2588b9176073/main.jpg,Low,13
1,-3.695773373993609,40.41548099224374,800,data_main/c2c98fa2-c548-4cac-9ade-02822345739b/main.jpg,High,10
2,-3.711822715468398,40.41141514905516,700,data_main/c302e015-15b0-47a2-ae23-b50615ac0132/main.jpg,High,10
1,14.506955396850572,35.86955396873136,1000,data_main/c32f8572-0367-4e29-bfe3-1602aade3e8b/main.jpg,High,3
2,-3.712171949081169,40.41771031975775,600,data_main/c33da69c-955c-4823-bf55-7d0e3c5a6db4/main.jpg,Low,13
2,-3.6902277925359694,40.42381640417609,600,data_main/c3599b80-cc28-4ec4-9f97-533c109b1a83/main.jpg,Low,13
1,-3.712677153242721,40.42313965429285,900,data_main/c3a88491-0717-43a9-9d14-11c61e7a555b/main.jpg,Low,13
2,-3.6874505523728,40.44622182664542,600,data_main/c3fe0a26-c069-4c96-ae3c-ddfef434dd0b/main.jpg,Mid,10
1,-8.002055555555556,41.973083333333335,1000,data_main/c40bcd51-3496-4f69-8d10-d019babaf8b2/main.jpg,High,10
2,-3.70008238658602,40.41354990642012,700,data_main/c444ef1a-3eb7-4c6c-b4f1-23aaca4f4987/main.jpg,Mid,10
1,-3.7974044999999705,40.3174462,1000,data_main/c4502f56-e069-4d36-979c-982f824b9e13/main.jpg,High,3
2,-3.709615247532299,40.42230263063633,600,data_main/c4ea5369-cfbc-4481-87fd-f7844c623025/main.jpg,High,10
1,-3.713291484660253,40.41991964111917,900,data_main/c4f9bdf1-7822-496f-ae5b-37e400cb616a/main.jpg,Mid,13
1,66.9749731,39.627012,1000,data_main/c5113425-658c-44c5-bbc6-111fd422f4c4/main.jpg,Mid,4
2,-3.713118519074392,40.4214778511595,700,data_main/c5381730-a04f-4c7b-88b3-feb08bc72b79/main.jpg,Low,12
1,-3.7083781188437897,40.40662547051706,800,data_main/c55c68b7-1b1f-45dc-9e21-15d17e3c23da/main.jpg,Low,13
2,-3.702646571095495,40.40624602710032,600,data_main/c56dff23-8aab-4f2a-b118-aa781053716d/main.jpg,High,10
1,-3.688483023528016,40.42071820399126,600,data_main/c5c29bd8-c3bc-4405-82ed-7d17d89238ae/main.jpg,Mid,2
2,-3.681532395264785,40.42119268639031,600,data_main/c5c7bf31-e7cf-4a58-9cd1-28a4318a1dcf/main.jpg,Low,12
1,-3.693126098072949,40.41934539261991,500,data_main/c6210be3-177f-41ad-a385-99d27b9de0a5/main.jpg,Low,0
2,-3.666370048598816,40.39529854328608,700,data_main/c63e7280-7847-434c-b3b1-86de9c23abc0/main.jpg,Low,13
3,-3.678608151230218,40.41712840895454,500,data_main/c6986c04-374e-48c9-a163-8f235a003b2e/main.jpg,High,13
3,-3.737994195226648,40.37099852860506,400,data_main/c6b5fbcf-faf1-4aa3-9f3b-cd30668c8805/main.jpg,Mid,13
2,-3.615543377158828,40.46063464062056,600,data_main/c73184bf-de27-48ad-9b9e-1b629720fdc2/main.jpg,Low,13
1,-4.020476599999938,39.8532246,1000,data_main/c7350e99-559b-4c1e-b877-4f432077a6db/main.jpg,Mid,6
2,-3.760278922588194,40.38557501168486,600,data_main/c7578056-f538-4625-9f7b-c751e0d8ebac/main.jpg,Low,13
2,-3.6911840840040018,40.41128811791733,600,data_main/c7892013-b436-4dd6-a331-75a8a3e5d20b/main.jpg,Mid,13
2,-3.7122455374058623,40.41462877445158,700,data_main/c84c6e6e-4ba6-460d-a2e4-d05d550affea/main.jpg,Mid,10
1,-3.7788899519852,40.41174353391996,800,data_main/c88df53e-1c9e-4d91-8fbe-ed85c124ef18/main.jpg,Mid,12
2,-3.677803400499392,40.44490465116524,700,data_main/c8aab222-76ea-427e-a94f-753dce9edb80/main.jpg,Low,13
3,-3.689803114108836,40.55061246767781,500,data_main/c8dc2c70-3f20-4049-a0cc-6913e76c1ef9/main.jpg,Low,12
1,-7.588305555555555,42.39580555555556,1000,data_main/c91bf70c-6ce4-4d72-8814-8509d68df912/main.jpg,High,10
1,-8.862888888888888,42.276777777777774,1000,data_main/c94751ad-071c-4b19-84a5-1bfa5b7f4496/main.jpg,High,10
1,-5.667492500000001,40.9614428,1000,data_main/c974852d-7823-4731-bc95-50bfcc546a99/main.jpg,High,2
2,-3.703420188792292,40.42055670033498,600,data_main/c98ac943-86c7-4ecd-9825-c01c2715a726/main.jpg,Mid,10
2,-3.728688291757825,40.4135803620133,700,data_main/c99c9180-b792-4bd7-8e22-423a8192c76c/main.jpg,Low,13
3,-3.7070505439234185,40.42053455529419,500,data_main/c9f32f67-05d0-4a83-8834-e268ab5ad71a/main.jpg,High,10
1,-8.115555555555556,42.36719444444444,1000,data_main/c9fa0bb9-71dd-414a-b110-30a2ec78e1b8/main.jpg,High,10
2,-3.698667602968978,40.41920713559999,600,data_main/ca11186b-a2bf-4b2a-b6c5-aaa5be6d1603/main.jpg,High,10
2,-3.7100921414810304,40.414966345760526,600,data_main/ca733bf6-dd9f-4fbd-b40b-689fd770a400/main.jpg,Mid,10
2,-3.704338607778009,40.43304773137294,700,data_main/ca7b23f1-2c2c-493f-949f-5b2f1bc7c834/main.jpg,Low,13
3,-3.677161321066506,40.43580018310308,100,data_main/ca8d89fa-3e9e-4639-ac01-7f83c5d0130e/main.jpg,High,0
1,12.120515254028303,42.72244582044099,1000,data_main/caabb21f-5d89-4684-bae6-a9d65c4f9f13/main.jpg,Mid,4
1,-5.670278,40.965556,800,data_main/cac26e87-5c5f-42ed-9459-7a8b00371bee/main.jpg,High,6
1,-3.7103068757532855,40.435397246928886,500,data_main/cad1e8ea-b86d-4f2d-af79-95525f2a0a02/main.jpg,Mid,0
2,-3.710049720738175,40.42326392942259,600,data_main/cb763a7e-6287-4ec9-9f5b-5a39d146853f/main.jpg,High,10
1,1.2883150000000114,42.992152,1000,data_main/cbe2abfb-5795-4b85-9796-58df70601d27/main.jpg,High,6
1,-3.705871508121933,40.41471076984459,800,data_main/cc0d7e4c-44db-43d1-9f77-74a1fb3b66a8/main.jpg,High,10
2,-3.764995534022594,40.38801238931592,600,data_main/cc35ecae-8270-4b7c-b2b9-ba00145acdc8/main.jpg,Low,13
1,13.72660159999998,42.3647038,1000,data_main/cc3b92bb-41df-42c8-8e81-91f5d81142eb/main.jpg,High,4
1,-3.6116299140737103,40.43427998805485,800,data_main/cc3ed71f-89c9-4064-b037-43e301445d19/main.jpg,Low,13
1,-3.71468764303336,40.41038846182965,900,data_main/cc567c27-1d87-4868-956e-d37c3ff45eb7/main.jpg,High,10
2,-3.666956790777348,40.47142144901135,600,data_main/cc5dbbfe-30b6-49f3-a627-f90f195300c3/main.jpg,Low,13
1,-3.712077658241268,40.41771090053895,800,data_main/cc8697d3-7881-4579-b6c0-26ef96155be6/main.jpg,Low,13
3,-3.674480959814064,40.412233616002936,500,data_main/ccc0242d-060c-4cf6-a725-87412367075a/main.jpg,Low,13
2,-3.699074876456168,40.41983530647556,600,data_main/ccca59ff-80e2-4c40-8bed-cbb4de7d444f/main.jpg,Mid,10
1,-2.8645685,42.3280438,1000,data_main/cd0254de-93ba-4960-9ed1-c7e356f4ac4b/main.jpg,High,4
2,-3.597183645152961,40.4558210431081,700,data_main/cd038b2d-08b2-4bc8-99f0-5618f6b3ac0a/main.jpg,High,13
2,-3.7221350120716767,40.42900890195502,600,data_main/cd6be578-0836-4fbc-92f3-be06244673b3/main.jpg,Low,13
2,2.6500656097589834,39.57164106359496,250,data_main/cd7da59b-eb9b-4421-9d44-a8879e1bf590/main.jpg,Low,0
2,-3.706751062021101,40.42120305505693,600,data_main/cd8bfccd-15a4-4ce4-aaf8-322835337324/main.jpg,Mid,10
3,-3.692765336002208,40.44106535372418,100,data_main/cda2f474-66e6-4b1b-a2d7-c241f23de228/main.jpg,Mid,0
2,-3.690226095430856,40.37980710803279,600,data_main/cdab7b7c-5815-4f63-bb80-5f864fc949fc/main.jpg,Mid,13
1,11.466102699999963,43.6979753,1000,data_main/cde34498-0698-4fa0-872e-3d802f5a8b7e/main.jpg,High,3
1,-2.2239403538513898,38.79131555028534,1000,data_main/cdeb693f-b143-458e-974b-461b79d1c032/main.jpg,Mid,6
1,-3.6826801315977047,40.41883417374887,800,data_main/ce7aa5d9-ac72-4a4d-8d03-ffa851c68fb7/main.jpg,Low,13
2,-3.701196886214348,40.438157283286685,600,data_main/ce9b7521-92e2-4a59-95e7-452390885028/main.jpg,Low,13
2,-3.6245457255241535,40.443102217880345,600,data_main/cea44703-1c37-490c-a4f4-cb9b38e05ffb/main.jpg,Low,13
2,-3.704401634553189,40.42881251006362,250,data_main/cebfb2f6-457e-4a89-a375-f1cfd0bfd706/main.jpg,Mid,0
1,-3.698368894119228,40.41539811494639,900,data_main/cefbfaa5-a4aa-4610-88ec-99613b177510/main.jpg,Mid,10
1,-5.988788600000021,37.3849674,1000,data_main/cf02327b-8e8b-4963-aa92-c9a79ce56728/main.jpg,High,4
1,-3.5631266,38.5229258,1000,data_main/cf02a99d-b955-4478-93a7-a2bdaa64f6a6/main.jpg,High,4
1,2.6479775607914613,39.574805257609576,500,data_main/cf24a9ee-7be9-4ec2-aedb-5fe09c8de444/main.jpg,Mid,0
2,-3.715972227451832,40.37144327654068,600,data_main/cf87be8c-d168-4ea7-aff5-b2e06724ebf5/main.jpg,Mid,12
2,-3.701654288643532,40.42027285666887,600,data_main/cf89de51-a00a-48d7-b0dd-f8a1023c3636/main.jpg,Low,13
1,-3.5965671267703625,40.45678819090461,800,data_main/cf921cbf-180e-4485-9467-83262bdbb7e7/main.jpg,Mid,13
2,-3.677717975665517,40.40946692380853,700,data_main/d00e8975-91b4-471a-a159-792a01b7a1fd/main.jpg,Low,13
1,59.29521824550784,62.25354363782303,1000,data_main/d021ad13-80cf-4c3c-b8f4-9bc5e702a6af/main.jpg,Low,3
2,-5.9917265327672,37.3928984091089,250,data_main/d09523f4-f113-435f-9f0f-74d6b20b0aca/main.jpg,High,0
2,-3.703366508250357,40.43396130832552,700,data_main/d0b39bb6-95a2-4bd7-9079-05f461e7f864/main.jpg,Mid,13
2,-3.712366421203481,40.42418961131494,600,data_main/d122f838-6646-4517-975d-a84317f3f9ac/main.jpg,High,10
1,-4.1499155,40.5890408,1000,data_main/d131f219-3695-4675-9b28-9bc4bf199699/main.jpg,Mid,6
1,44.18703340000002,40.1260293,1000,data_main/d133c060-4ad2-47bd-a54b-6e60354c0251/main.jpg,Mid,4
2,-3.675267304340858,40.42486872125298,700,data_main/d15f0ff7-5150-4978-a43f-a331c03ab663/main.jpg,Low,12
1,-3.705786224529669,40.42000382234095,500,data_main/d195a235-e8e5-4c7a-9285-da951928a87d/main.jpg,High,1
1,-8.246083333333333,42.75552777777778,1000,data_main/d1aa9260-b9a8-4e50-bfde-4be9b443d947/main.jpg,High,10
1,-3.705059723096053,40.41952869214579,800,data_main/d225d358-6370-404e-b6a5-440df74a93c8/main.jpg,High,10
1,-4.719840321426432,41.65179260513573,1000,data_main/d225d406-ad30-4f77-90a5-e31b8dad83f0/main.jpg,Mid,7
1,107.056286,-6.993724,1000,data_main/d2406649-67dc-41e8-a257-73e1d82659ad/main.jpg,High,7
1,-4.245184400348535,40.44513718076353,1000,data_main/d2540451-d687-4917-b7dd-5552b5e2e9dc/main.jpg,High,1
1,12.984777622753882,41.54988879439641,1000,data_main/d254f06f-1ce2-4785-913b-b731ad4557ff/main.jpg,Mid,4
2,-3.7024643736653,40.43821274146004,600,data_main/d26ac616-33bd-4dde-b6cf-8ef8b06b8ff7/main.jpg,High,13
2,-3.6907524317049822,40.42593095487881,600,data_main/d2ae14cb-592d-4151-ab14-2c503f210b4f/main.jpg,Low,13
1,11.328892,43.317733,1000,data_main/d2d20f1a-3a01-459c-94bb-bc9a7f393711/main.jpg,High,1
1,-3.688052640606045,40.44065779577869,900,data_main/d2d52d05-5d70-4c16-a87c-0d0e5344cdbe/main.jpg,High,10
4,-3.604259272426435,40.40790867542992,300,data_main/d2dfdb41-9157-4a9b-b219-184df61ba423/main.jpg,Low,13
2,-3.704192502298603,40.42679525788523,600,data_main/d2fbe9e1-2851-4fdd-9f83-a8c82d66966d/main.jpg,Low,13
1,-7.951083333333334,42.53833333333333,1000,data_main/d30e5166-ceea-49e5-ba93-c5ea847285d4/main.jpg,High,10
1,-3.69989575136284,40.41487536639831,900,data_main/d346882e-7bbd-4479-b2e8-30fbe43f687b/main.jpg,High,10
2,-3.709661482525444,40.41420531493721,700,data_main/d349ae36-53ed-420b-9c75-0920a610e876/main.jpg,High,10
2,-3.7320173206533136,40.41515393215057,700,data_main/d437938d-7845-4afe-8668-64d7798cc5dc/main.jpg,High,12
1,-3.7113262887715495,40.4124001905136,900,data_main/d438bd4b-a3dc-4f57-8ee4-7c247a080d7b/main.jpg,Mid,10
2,-3.675758884303952,40.45150562521146,700,data_main/d4b4a29d-54f2-4f8b-a14e-cdeebbac3849/main.jpg,Low,12
1,-3.6974393552479454,40.41441273077089,900,data_main/d4ba49bc-aa48-443f-a243-303b7592f561/main.jpg,High,10
2,-3.716373054740244,40.4148375086769,700,data_main/d55b0b70-1e64-4aeb-a9c1-99fda6702881/main.jpg,Low,13
1,-3.7049212076489946,40.44267201887861,800,data_main/d5609801-d2c2-48ee-8857-531f2b285c0d/main.jpg,Low,13
2,-58.38344991303087,-34.597431000640746,250,data_main/d5c11570-41c3-40d2-bc1a-b3217780cd2c/main.jpg,Low,2
2,-3.713713125691665,40.41458749364033,600,data_main/d6026ce7-1085-4a06-8ab5-6ba13c236c4d/main.jpg,High,10
3,-3.667067167943027,40.38895989110383,500,data_main/d617ebee-73cf-40fe-90bc-8b45f1c1d919/main.jpg,Low,13
1,-5.832696305859372,36.179091266154806,1000,data_main/d6258c15-86c7-4e7e-af92-2019e03bf9fb/main.jpg,High,6
1,-3.714438013721645,40.41575939541697,900,data_main/d69a1ab5-46cc-4ac2-bf59-0552551a21e2/main.jpg,High,10
2,-3.7332994862340048,40.41383048770445,600,data_main/d6bc61af-87fa-4cb3-a947-ba21c10717b6/main.jpg,Mid,13
1,-7.786638888888889,42.24080555555555,1000,data_main/d73d048c-0f34-4c3f-bcf5-076debd519f3/main.jpg,Mid,10
2,-3.6761873858753473,40.414331767908365,600,data_main/d74f9013-1f35-4d1e-8319-68e4e3d48606/main.jpg,Mid,10
1,-3.705181128187257,40.48191520688772,800,data_main/d7a340af-a665-40bd-9f20-cec0141a14ff/main.jpg,Low,13
1,-7.558638888888889,43.00919444444445,1000,data_main/d7c94e96-c5ab-4766-9b70-faf2f21ad117/main.jpg,High,10
3,-3.674391704595892,40.41509901658597,500,data_main/d7d3fc0e-092b-49b0-a5ee-23155fc828ec/main.jpg,Low,13
1,28.977879425760307,41.00838371162846,1000,data_main/d7d73509-2dbc-41de-8428-94134ccfa1bc/main.jpg,High,5
1,-3.686059814054478,40.43127366388099,900,data_main/d7e44ad4-6e28-4ee5-bbf9-637d5f21e202/main.jpg,Mid,10
2,-3.620706579847943,40.37695787144475,700,data_main/d7e911a7-831d-438f-9689-7751a32cba03/main.jpg,Low,13
1,-5.777599736207583,41.81232078369168,500,data_main/d7f45b8d-c311-4309-a85a-d91f1fcd3b2f/main.jpg,High,7
1,-9.089833333333337,42.57625,1000,data_main/d7ff7bfc-6a0e-4ce9-87c8-2b0959b97982/main.jpg,High,10
2,-3.7093848037700505,40.42280855064068,600,data_main/d86cba39-94af-4c6d-b738-6fb54a435a8b/main.jpg,Mid,10
2,-3.7071069351758537,40.42141709585185,700,data_main/d8835c4a-bbb7-48f9-8ea0-e98a758cb63b/main.jpg,High,10
1,-3.6021023000000696,37.179441,1000,data_main/d8abfbb0-9a13-49c6-813b-7e834c26ac72/main.jpg,High,3
2,-3.679914257964233,40.41690451816765,600,data_main/d8c517f9-f66f-427a-bd16-1fe87ff6f10e/main.jpg,Mid,13
1,-8.8375,41.95638888888889,1000,data_main/d9065086-c0d8-4a62-84ae-5d28ae12eee7/main.jpg,Mid,10
1,-3.7012363500073433,40.41457895370551,800,data_main/d91ee403-9539-4e81-80ec-6ce2106ecf29/main.jpg,Mid,13
1,-4.094092,40.810592,1000,data_main/d9277995-ad3f-46d1-8317-91decc6051f8/main.jpg,Mid,2
1,7.6684926,45.0720584,1000,data_main/d9355500-8332-46d7-b75b-7020e5635e2d/main.jpg,High,1
2,-3.69745898626623,40.41436418644403,250,data_main/d93ed9c7-1af5-4054-b518-5fd5f9575ffc/main.jpg,High,0
1,-4.234515900000019,40.505008,1000,data_main/d9501da0-b13d-4615-b465-2a181aa7c4b0/main.jpg,High,1
2,2.656616190358899,39.60272108052334,250,data_main/d95361c3-d8a1-4c14-a620-add96fe61c73/main.jpg,Low,0
2,-3.695370771146776,40.41956034622228,700,data_main/d9538f18-0075-48e0-89f0-02704299436e/main.jpg,High,10
2,-3.6503625382519775,40.448543084668735,700,data_main/d961ccbc-d736-4996-bc05-db613c28e9d0/main.jpg,Mid,12
1,8.806738799999948,40.7786765,1000,data_main/d96200b1-555c-444a-8afb-f08c6cb9600d/main.jpg,High,2
1,-3.682568562274128,40.41105728866461,1000,data_main/d97d7e44-5e7a-4394-a6f4-f740aceaea57/main.jpg,Low,6
2,-3.779164030511589,40.38143125791525,700,data_main/d9ac9173-b6d4-460a-8a2f-3d180d5c8621/main.jpg,High,13
2,-3.690909168678662,40.41321769852828,600,data_main/d9dacb2a-01d5-4bfe-b6a5-fe4a29370ef5/main.jpg,Mid,10
1,-69.54133330000002,-16.1706667,1000,data_main/d9e49df0-55c3-425a-bfd9-b6162cbcc915/main.jpg,High,3
2,-3.713215690528679,40.40157768508294,700,data_main/d9f48b15-cf4c-4b87-b1fb-15838dc6432d/main.jpg,Low,13
2,-3.706167270925558,40.42173815539981,700,data_main/d9f4913e-fd15-4b32-b54e-427fcf7c1912/main.jpg,Mid,10
1,-3.714268068743975,40.41975144920558,800,data_main/da3fa9ec-0fe8-4fb8-a91b-e6e5d94d686e/main.jpg,Low,13
1,-3.593286799999987,40.4583678,1000,data_main/da4c14d5-fb9d-40be-86aa-0c0439b0fafd/main.jpg,Mid,3
2,-3.691302908227248,40.42174691093894,700,data_main/da50434a-a3c5-49ee-8073-eb4cad7ff009/main.jpg,Low,13
2,-3.696641516339292,40.433048223407845,600,data_main/da661595-5b83-4c7e-8cfa-ac75a2af9026/main.jpg,Mid,10
1,-3.692568831033837,40.432541161565126,800,data_main/da74c11c-4e5b-40d2-87f9-ad39356aebfd/main.jpg,High,10
2,-3.658520102659419,40.40715441994303,600,data_main/da774525-dc4a-46d4-9608-aeeb18d49cd2/main.jpg,Low,12
1,-3.673348174636113,40.42392495645377,900,data_main/da8c85b8-60b6-40fc-851b-03d7d63a8a5c/main.jpg,Low,13
1,-9.21136111111111,43.16033333333333,1000,data_main/daa23bf6-ba13-4a05-b7e5-939b392c9e76/main.jpg,High,10
2,-3.696810843113834,40.43487749572997,600,data_main/db5a0221-2cbf-43f6-b332-7b1347048599/main.jpg,Mid,10
1,-3.699241728752595,40.39268098992018,900,data_main/db7a4cb4-9510-47a4-9378-30a1a2ff4fb3/main.jpg,Mid,10
2,-3.7074142997885313,40.415874656799566,700,data_main/db93b233-5509-4cfb-ab51-5b9b7222c48c/main.jpg,Mid,10
2,-3.696856178650517,40.42529015852938,700,data_main/db9c75ca-dfe9-42c4-b696-0db0cbedc234/main.jpg,Mid,10
2,-3.7033183883781584,40.41983659667071,600,data_main/dbe92d16-a852-4fe4-9298-55307a1ed275/main.jpg,Mid,10
3,-3.75090601325415,40.37565232576466,500,data_main/dbee0d17-2582-44b7-b1ba-a184896cbac3/main.jpg,Low,12
2,-3.72327320449358,40.42715550035459,700,data_main/dc281fc9-2e10-4cc4-89d6-71840786954a/main.jpg,Mid,13
2,-3.703891107052363,40.418238511276414,700,data_main/dc4c7439-be07-4132-a5f8-b591083dc216/main.jpg,Mid,10
1,-3.71181890174026,40.42000078931801,900,data_main/dc6bc0b8-596f-4eb8-a9e2-fbcfba783fa5/main.jpg,High,10
2,-3.702233164302461,40.419762112038654,600,data_main/dc8de857-ec07-4c15-9699-3391242bc207/main.jpg,High,10
1,-8.829555555555554,42.27,1000,data_main/dcd8e3cf-6e02-450e-aee5-37d12bc8ac68/main.jpg,Low,10
3,-3.75090601325415,40.37565232576466,500,data_main/dd2760ab-d845-4d72-b803-6360d4b475bf/main.jpg,Low,12
1,-8.059333333333335,41.89611111111111,1000,data_main/dd2dc1ca-c162-449e-8ef6-42329f8f3a50/main.jpg,Mid,10
2,-3.690922550805367,40.425678496225984,600,data_main/dd3e7078-22fb-4184-a479-646e408d5c4f/main.jpg,Low,13
2,-3.697515846502448,40.40355635616121,600,data_main/dd4120e8-e1a7-4078-b879-46a599cf8438/main.jpg,High,10
2,-3.71197148607997,40.41770254537207,700,data_main/dd65f70e-df05-4a98-aff4-609b1c6d1a1b/main.jpg,Low,13
1,24.793399622753896,46.21972150843263,1000,data_main/dd6c20eb-f223-480a-8999-230b5a479eb7/main.jpg,Mid,4
1,-4.14993562698362,40.55,1000,data_main/ddded783-fe10-4b02-8077-d1409ff7ef72/main.jpg,High,1
1,-3.6898989354507767,40.411241739202566,800,data_main/dde06326-b284-43c3-b021-9ab5a1591810/main.jpg,Mid,13
2,-3.690619448970024,40.40863906624042,600,data_main/dde62474-64b1-4c6c-8781-3a75bd61632d/main.jpg,Mid,10
2,-3.72705552999365,40.43232412144632,600,data_main/de979065-fa45-405a-89bb-a24c4c767aba/main.jpg,Low,13
1,-8.876444444444445,42.44805555555556,1000,data_main/deaa868f-c17b-4245-bd5a-c8b17710ee4c/main.jpg,High,10
1,-3.693950410329325,40.40864029339671,1000,data_main/debefeb9-4e39-4fd4-bd01-0e50affb24b6/main.jpg,Mid,10
1,2.652032376840677,39.572193489455806,500,data_main/dee67bfd-07fa-47db-8259-1cda50179b41/main.jpg,Low,0
1,-3.700645831391201,40.41560055601448,800,data_main/def0d711-d70c-4bc0-8b00-061421bed16d/main.jpg,Mid,10
2,2.650881599106617,39.56746845916273,250,data_main/df08f5fb-b1d3-4901-923a-178727a0a85b/main.jpg,Mid,0
2,-3.703561437595422,40.40582604702854,600,data_main/df2cd69f-941d-4630-9f43-b90c92b248d5/main.jpg,Mid,10
1,-7.013888888888889,41.97366666666667,1000,data_main/df8efc67-9406-496b-8a13-38f5770c1c68/main.jpg,High,10
1,-6.511259999999993,37.64493,1000,data_main/dfb3c8f2-c5ba-46a5-9b79-06c3c72936d1/main.jpg,Mid,5
1,-3.6964252000000215,40.4202074,1000,data_main/dfef9da4-e0bd-4a4c-88c8-c2b837966436/main.jpg,Mid,5
1,26.546240099999977,41.6920508,1000,data_main/e0181432-20f3-4064-8be4-ec40c78e576f/main.jpg,Mid,4
2,-3.706164117840608,40.41692734839787,700,data_main/e01b1e43-19aa-48ae-9702-64e0d016e685/main.jpg,High,10
2,-3.711055306244384,40.41688836110668,600,data_main/e0ba7a81-3eee-4fa1-b3f0-0770878624f1/main.jpg,High,10
3,-3.6894662888182648,40.44675198334497,500,data_main/e0c3570a-68dd-4fc5-b4c3-a8912726f857/main.jpg,Low,13
1,-0.4087799999999788,42.142149,1000,data_main/e0c39bf8-1822-4a26-bd0a-dbd9bdca1ddf/main.jpg,High,8
1,-3.900579463895437,40.89481835134119,1000,data_main/e0cd2188-5aec-41c6-8d15-beea0ceaec01/main.jpg,High,1
2,-3.7478983254462745,40.378277311314775,700,data_main/e0f8db5b-4dfd-41e1-9eee-a23e535fb238/main.jpg,Mid,12
2,-3.6808725047106696,40.41257453358713,600,data_main/e12141f8-ee4e-4899-aa61-614b967dad68/main.jpg,Low,13
1,-1.7493564999999762,43.377469,1000,data_main/e1f30874-0b75-4276-94a4-b1abef00c971/main.jpg,Mid,3
2,-3.700812322201468,40.41687883124489,600,data_main/e2396bf0-6a66-4469-80f9-41e396a1eceb/main.jpg,Mid,10
1,-4.5108862,40.3740748,1000,data_main/e2553820-43dd-4f48-8bf4-a6e753b1e40e/main.jpg,Low,6
2,2.650361374272297,39.573000944280444,250,data_main/e255ce75-aa99-4b4e-9f8c-d8e6a2254734/main.jpg,Mid,0
1,-3.692837890106565,40.40860180133424,500,data_main/e256e71f-d845-480e-a161-5321dc11ee62/main.jpg,Mid,2
1,-3.60830653500509,40.38660947186792,800,data_main/e259c267-0c1e-4113-b9d6-5045115c02ab/main.jpg,Low,13
1,16.793000300000017,57.2520065,1000,data_main/e2f01e44-f1a7-4207-ae23-a28f417555a5/main.jpg,High,3
1,-3.704466679703825,40.42303656631572,500,data_main/e32b3603-a94f-49df-8b31-92445a86377c/main.jpg,High,0
1,-6.602726599999983,39.51404520000001,1000,data_main/e3377db0-d64a-4126-9445-dcb2ed138446/main.jpg,High,6
1,10.2299096,54.4128678,1000,data_main/e33ff0b3-511b-4d1d-93cb-f6d177df6359/main.jpg,Low,3
1,-3.698997649377588,40.41347766156159,900,data_main/e3536000-9c1c-4912-81d9-f761f8be6aa0/main.jpg,Mid,10
2,-3.688736505936616,40.4232307014805,600,data_main/e42535b4-fd67-4c55-afde-98ac0e7d9d6b/main.jpg,Low,13
1,-8.318555555555555,42.347166666666666,1000,data_main/e44c67ce-58e0-4c29-9bb4-9b1c59c44cce/main.jpg,High,10
1,-9.065555555555555,42.78275,1000,data_main/e45244d7-19e7-4c5d-84e0-44577b087f6c/main.jpg,High,10
1,-2.5908818786199905,43.23852924677816,1000,data_main/e4554f94-4e99-4904-9fd9-191a1cfd0a7c/main.jpg,High,4
1,67.6095967,29.3873272,1000,data_main/e4600d56-08cf-4975-8049-b5a93beb1d37/main.jpg,Low,4
1,-3.690208650111469,40.46935644428162,800,data_main/e49adaf8-8a55-4647-8438-cb50edfeffc8/main.jpg,Mid,5
1,-3.70765217085117,40.41033962450148,500,data_main/e4e7b7c9-7299-4d3c-be3c-ff3ac11fb8f5/main.jpg,High,2
2,-3.69052365429278,40.4158596533392,700,data_main/e4ed32ce-0093-46aa-a297-7aadb5da9246/main.jpg,Low,13
3,-3.703605020727631,40.41453753590468,500,data_main/e4f79cbf-6738-4164-9614-4cfd2271650e/main.jpg,Low,13
1,-3.94955,39.613862,1000,data_main/e50c847d-8c94-4dc6-887e-88545c3082c6/main.jpg,High,4
1,-58.403419168840585,-34.57698947059305,250,data_main/e5427b0f-dd8c-4a31-bbe2-9c31a654a464/main.jpg,Low,2
2,-3.6853311611661184,40.4059445498571,700,data_main/e57a46a3-cf13-4a83-8ec7-b4bf12876afa/main.jpg,Mid,13
1,-5.2510374,40.36005,1000,data_main/e5e33dc6-d298-427b-b012-6c52572793d5/main.jpg,High,6
2,-3.690144727772941,40.423762845847605,600,data_main/e620f2da-a1ad-48cc-87bd-e071e7ba9048/main.jpg,Low,13
2,-3.687183090834124,40.43275348140874,700,data_main/e675595b-9aca-441c-98b2-b102bd71bb18/main.jpg,Low,13
1,131.03688220000004,-25.3444277,1000,data_main/e6a45fad-2ddf-4718-b859-5a9bad6ac63c/main.jpg,Mid,4
2,-3.726430126234219,40.44580180293146,600,data_main/e719bd58-acf5-43cd-97dc-1848cb93c948/main.jpg,Low,13
2,-3.68628303682986,40.42075879654608,700,data_main/e7323933-162c-4644-a582-c8b0e500bd7c/main.jpg,High,10
1,-7.945805555555556,43.72347222222223,1000,data_main/e747b6be-3324-41eb-929d-2cbb1cbffb42/main.jpg,Mid,10
2,-3.784195713572626,40.46274858685577,600,data_main/e76acb8f-f7b5-4082-827a-3c461ad6fce9/main.jpg,Low,13
2,-3.692810179491609,40.421593743793046,600,data_main/e7a8427c-46e5-4610-8244-338da0e6bb00/main.jpg,Mid,10
2,-3.6873809848930135,40.41629279661326,600,data_main/e7f4ce33-6186-4fad-92d5-ebfd9af43dee/main.jpg,Low,13
2,-3.6997720739017033,40.40596221830597,700,data_main/e8163fae-7315-4700-8448-a377ec2ecd01/main.jpg,Mid,10
2,-3.746924114924374,40.45959907139501,600,data_main/e86b9916-303a-4388-8386-5be3bda1ca1f/main.jpg,High,13
1,-5.670578987098338,41.15713235409466,1000,data_main/e8759685-eeeb-4304-8fb5-adeeab301de6/main.jpg,Mid,6
2,-3.669668973112901,40.429739137554336,600,data_main/e8a444ab-9dbe-4142-b346-0c27936abe13/main.jpg,Mid,13
2,-3.6968895379020585,40.417202478712696,500,data_main/e8cff95b-b4dd-46fd-82cc-800966e4b575/main.jpg,High,0
2,-3.711144427224213,40.42476938792869,700,data_main/e8da11be-b859-43c1-baef-1d3a906190fa/main.jpg,Low,10
3,-3.6920777654946746,40.46032463681944,500,data_main/e8dcb343-f1e3-4fe8-99e7-fb79d2577fa2/main.jpg,Low,11
1,48.0610115,46.1321166,1000,data_main/e8fdf402-bcbb-43c8-aeff-0237ece69e70/main.jpg,Mid,4
2,-3.659816373688394,40.43127327150829,700,data_main/e90c218f-11ac-4ee1-ada6-5757de872bfb/main.jpg,Low,13
1,-3.7109119260423498,40.418269158221705,900,data_main/e9867ae5-ee94-43b4-b4a6-e1ebb62497b1/main.jpg,High,10
1,-3.710936421470072,40.41231249799544,900,data_main/e9cb0655-92b7-4248-bef9-d4dcc98a40bd/main.jpg,High,10
1,-101.25604794221384,21.03777260342364,1000,data_main/e9d89819-fe14-4f3b-ad46-4645a2db3a41/main.jpg,Mid,1
1,-3.696698442869596,40.41571450065277,900,data_main/e9db85f0-a7e5-47d9-b5bf-c9679f9f5490/main.jpg,High,13
1,-7.900805555555556,42.45080555555556,1000,data_main/ea22876b-f9d6-4bcd-b11b-a3bc172dd35d/main.jpg,High,10
1,50.9106951,34.583997,1000,data_main/ea2741e0-6316-4c0e-ba94-0a79ffcfd249/main.jpg,Mid,4
2,-3.696887446468761,40.41918184340614,600,data_main/ea3211b7-5630-45c4-a90a-82d4c307d036/main.jpg,High,10
2,-3.731326929354712,40.41561776210544,600,data_main/ea48483a-5f07-4bd0-8231-9f40960c4865/main.jpg,Mid,13
2,-3.710027639306959,40.44582263438193,600,data_main/ea660318-a318-4e9e-bed1-a44aee3f4f7f/main.jpg,Mid,10
2,-3.7005717146770487,40.440267719534326,600,data_main/ea973a57-201c-4650-921c-822f5d262542/main.jpg,Mid,10
3,-3.7641963952601154,40.38493929920335,400,data_main/eafc002f-0d99-4fea-a970-09606e394fbd/main.jpg,High,10
3,-3.679542165511024,40.419753564834025,500,data_main/eb3d7959-7056-4236-b4d9-ed05d8da3233/main.jpg,Mid,13
1,15.006486900000027,40.4230823,1000,data_main/eb4f2c69-223e-4158-bc9b-ae2847256765/main.jpg,High,4
1,-7.028805555555556,42.23858333333333,1000,data_main/eb522c27-2348-495b-ace1-81fb84523195/main.jpg,Mid,10
1,-3.714312,40.417955,1000,data_main/eb5300d3-c2a7-4b42-9906-48a338ed5e70/main.jpg,High,10
3,-3.744974227221794,40.387665630550615,500,data_main/eb83bb7d-9fc0-4262-9121-1c94f37fe23b/main.jpg,Low,12
1,-3.707385727413197,40.41539735232832,800,data_main/ebc7d0ca-ec17-49d6-9b2e-f80c893de72c/main.jpg,Mid,13
1,-9.034555555555556,42.57177777777778,1000,data_main/ec166ef2-2d95-48dd-b0a6-b4c4e3318019/main.jpg,High,10
1,-8.233333333333333,42.75,1000,data_main/ecbe0617-75d1-4933-9c97-22170befcdaa/main.jpg,Mid,10
2,-3.696801408029984,40.41884001841748,600,data_main/ecd3b448-6629-4a7e-b43c-597d2e12b49e/main.jpg,High,10
1,-3.721703217387539,40.439344933016194,800,data_main/ed0b1593-0656-4528-b34c-e30c7b0371e1/main.jpg,Mid,13
1,-8.515694444444444,42.90222222222222,1000,data_main/ed0d1523-2451-48cb-b30b-99bc8a1ff8d5/main.jpg,High,10
3,-3.708031705868069,40.4219249510091,500,data_main/ed0e6e3f-3cc3-4166-8844-3b1548b97e8b/main.jpg,High,10
2,-3.662271547166129,40.431574548888406,600,data_main/ed2436b1-0444-4971-a23c-361697e84a65/main.jpg,Low,13
2,-3.690936075393455,40.43428066355506,600,data_main/ee1ded6d-7e90-4a16-8ffd-736725683fbd/main.jpg,Mid,10
1,-3.69651165491942,40.41817509525873,900,data_main/ee410cba-7f5c-4e84-b747-b38e057563c1/main.jpg,High,10
1,-5.664611441139186,40.960115587698894,1000,data_main/ee62b86c-beed-44a3-a124-9563abafffc2/main.jpg,Mid,5
1,-21.66561630000001,65.7065724,1000,data_main/ee634919-62b0-43e1-a740-4dc36ab2f696/main.jpg,Mid,6
1,-3.6930483362488657,40.406996505596624,800,data_main/ee6e8672-4a94-4921-83ea-fc835803e303/main.jpg,High,10
1,-7.370996,38.453536,1000,data_main/ee759315-ff42-4383-bb46-add0ce1a2c0c/main.jpg,Mid,4
3,-3.6405061261563656,40.472363844385086,400,data_main/ee828d82-27a4-4f1e-8144-59cac1846b8b/main.jpg,Low,13
3,-3.647722179710372,40.47322452784603,500,data_main/eedca6c2-6a17-4c0d-bc26-bc377fa4b8f4/main.jpg,High,13
1,-3.697197199624872,40.41721600462982,900,data_main/eee99596-b223-45aa-830b-268ff1b9d100/main.jpg,Mid,10
1,-7.244083333333333,43.091166666666666,1000,data_main/ef038182-3f1c-46cb-ba09-0c92ecd9a9ed/main.jpg,High,10
1,-3.681995026227504,40.41518955230441,900,data_main/ef1a68eb-f514-4f75-94d2-41f3ccf129ae/main.jpg,High,10
1,-3.815883818269463,40.467438514655285,800,data_main/ef37c12c-0707-41da-9e91-6198892862f3/main.jpg,High,13
1,-3.726006490513994,40.42505672150121,800,data_main/efe77620-81a4-4b40-95ed-d50e62116dd0/main.jpg,Low,13
2,-3.7157588747442656,40.39779539202881,700,data_main/f0041c8b-d248-4c8c-b202-c653e3a97324/main.jpg,High,10
1,27.11891921605229,43.27742146131967,1000,data_main/f0079f6b-6c0d-418d-91e4-121f6d42561f/main.jpg,Low,5
2,-3.623524568479497,40.455452874785294,700,data_main/f03b7fda-08d7-4dc1-b6f6-bef799eff6d7/main.jpg,Low,13
1,7.68522791520536,45.07338609916437,1000,data_main/f0c9f5d5-9efc-4fed-86cc-f34635a52759/main.jpg,High,4
1,103.71588459999998,44.1398307,1000,data_main/f0c9fdb4-2bf2-45e7-8b50-e73d65b243a3/main.jpg,High,5
1,36.67626,37.105256,1000,data_main/f0de7802-555d-4615-add0-e21f66e4b27c/main.jpg,Low,3
2,-3.710035390080447,40.41517390229738,700,data_main/f0f8374e-f7b6-4c89-a687-df26362c5518/main.jpg,Mid,10
1,25.54042179999999,41.5535439,1000,data_main/f1030c29-d01c-419d-a278-f86f494b7fc7/main.jpg,Mid,5
2,-3.591837062218565,40.49244999472662,600,data_main/f1385aa9-f274-43ea-904a-f70c57adf829/main.jpg,High,10
2,-3.7249817127906018,40.43062171701288,700,data_main/f16fbc8c-3771-43ed-8d1b-bc5cdc88eb14/main.jpg,Mid,13
2,-3.6809885110698017,40.42057388670932,700,data_main/f17de9b0-3969-4ef0-a9b3-12fba046e2ae/main.jpg,Mid,13
2,-3.7132167894035177,40.4392394260177,600,data_main/f2010f33-a532-40eb-ae7c-300bf27f475b/main.jpg,Low,13
2,-3.6824557884301887,40.42462831194054,600,data_main/f205a768-1dd3-4f07-9366-545315e965ea/main.jpg,Mid,10
1,-8.054583333333333,43.66008333333333,1000,data_main/f213bf18-0214-49de-a2f7-150aa9b41dd9/main.jpg,High,10
2,-3.760633567504116,40.40871693994994,700,data_main/f2651a13-f805-4cf7-9f8a-f393e1191926/main.jpg,Low,13
3,-3.7455093184725374,40.38800328931783,500,data_main/f32195f7-2120-4711-b214-5a91cb31b475/main.jpg,Low,12
2,-3.702629155979836,40.42043538395938,600,data_main/f35f9f29-3c1f-4a65-b0f8-2d8afd96113b/main.jpg,Mid,10
2,-3.691114618056729,40.43099130324848,700,data_main/f3b8922c-daae-4389-91c2-7d75e7f37c9f/main.jpg,High,10
1,2.755621593579121,42.11901095301426,1000,data_main/f3c2986c-ad21-40e5-966e-69c417e85046/main.jpg,High,6
2,-3.6808894305217392,40.452590742026565,600,data_main/f3c72914-4075-4e4b-9723-5c9f69c39833/main.jpg,Low,12
1,-7.224222222222222,42.62375,1000,data_main/f3dfc759-b3b7-4d26-812e-aa2c1e4cbbdf/main.jpg,Mid,10
2,-3.7087306781902223,40.43011888267679,600,data_main/f3f7f5d7-91a0-4002-9d24-df1b4fe74f4e/main.jpg,High,10
2,-3.6929201051761145,40.41852100205188,600,data_main/f451bc64-3375-43dc-a966-25d0c1d14d1b/main.jpg,Low,13
2,-5.99200705884495,37.3929530543295,250,data_main/f45b1b38-36cd-4479-bac1-544ca6b1e685/main.jpg,High,0
2,-3.746948500290968,40.45967098551774,700,data_main/f462e2d5-018e-4449-8e3e-44f74efa50dc/main.jpg,Low,13
2,-3.71291152747958,40.44310218562756,700,data_main/f49acee8-3428-4942-b995-a58c649a2aa3/main.jpg,Low,13
2,-3.7033969678717593,40.4341694805678,600,data_main/f4e885a5-7a57-4324-9e0d-465f67124bba/main.jpg,Mid,10
1,16.61802829999999,46.24933310000001,1000,data_main/f555d06b-7667-4a49-8ddb-823d5f42489d/main.jpg,Mid,3
2,-3.675758884303952,40.45150562521146,700,data_main/f5bc86b3-1038-47cd-ae99-7fa6362ab2ea/main.jpg,Low,12
2,-3.696957811938927,40.40886605816049,700,data_main/f5bf7926-1242-496a-ac9b-c8dc875b9841/main.jpg,Mid,10
2,-3.705509837957632,40.41985083351601,700,data_main/f5e9801f-a68a-4c40-bff7-70ac1c7999f3/main.jpg,Mid,10
3,-3.73984373875637,40.37532909607817,500,data_main/f5ef4a74-94e7-49f3-ae4c-2940f76325af/main.jpg,Low,13
1,-3.688451667028575,40.40951154860526,900,data_main/f5f9231b-8cdd-4a86-a9b1-faebc8c2de90/main.jpg,Low,10
1,-7.80055219999997,42.18946649999999,1000,data_main/f605aedf-49c1-477c-ba82-c7461747a9f9/main.jpg,Mid,4
1,9.22805399999993,47.7255759,1000,data_main/f63883cc-c3c5-4c8e-9476-412a823fd7a9/main.jpg,Mid,4
2,-3.712852113176976,40.39839071795657,700,data_main/f63e1f9e-10b3-45a8-bf9d-e29ce99536f4/main.jpg,High,13
1,-8.158305555555556,42.38472222222222,1000,data_main/f643d175-006a-422e-9d98-c9eb1434e9ee/main.jpg,Mid,10
2,-3.690417579512385,40.41586028682736,600,data_main/f6792395-d567-4793-9b6a-a3aee18a4e8a/main.jpg,Low,13
2,-58.39420548089285,-34.59599254602068,250,data_main/f67f254e-da95-40ef-820c-602a2d09e979/main.jpg,High,3
2,-3.685336172548901,40.393656142593485,600,data_main/f6e9b1c3-632f-413a-bf8b-0d26bc402aa0/main.jpg,Low,13
2,-3.6995154171995375,40.38724685615362,600,data_main/f6ef43de-c135-4640-bdfb-f416511d4827/main.jpg,Low,13
2,-3.761360271036638,40.41176029757209,700,data_main/f70b6e41-b560-449b-8363-048f46f8f3ca/main.jpg,Low,12
2,-3.707157946297817,40.4206600249067,700,data_main/f7361706-27e6-4704-9026-8cce8ca19549/main.jpg,High,10
2,-3.681199102845808,40.43093303716218,600,data_main/f7a5c70e-0388-4426-8edd-c685b17e120e/main.jpg,Low,13
1,12.499025242343125,41.90340864687287,1000,data_main/f7b2e176-4ee5-43d8-8a9f-f7c1611bacaa/main.jpg,Low,4
3,-3.6771864890439137,40.40229882016412,500,data_main/f7c6f006-efc6-4da7-8f5d-43dd6f824685/main.jpg,High,13
2,-3.68268271082356,40.41559090108321,700,data_main/f80bb779-a54d-4071-b04b-891a0d4153db/main.jpg,Low,13
1,-4.285456761508385,42.74571026084268,1000,data_main/f815d5c2-5199-4cfb-b2dc-419752b0b573/main.jpg,Mid,5
1,-9.012805555555556,42.46605555555556,1000,data_main/f8effef3-9c78-47ce-bbd1-640aaeda2d8c/main.jpg,Low,10
1,-3.7139260638011327,40.41973554356221,800,data_main/f8fc107f-2585-46c0-994e-05bbab90dd04/main.jpg,Low,13
1,-3.6807829932642098,40.41655706214545,800,data_main/f92ad9d7-3363-47c9-8653-c3e6d5168c15/main.jpg,Low,13
1,-3.6969438576586846,40.42350584146331,800,data_main/f9372877-0215-45f9-b299-9a6067eece47/main.jpg,High,10
2,-3.7020082364702738,40.424204932356254,600,data_main/f942edb3-a0b3-4375-97da-eabd7b4dfd6e/main.jpg,Low,13
1,-8.646749999999999,42.4315,1000,data_main/f9444163-7e44-48aa-924a-8a015a413380/main.jpg,High,10
1,-5.0439302,55.7958398,1000,data_main/f96b95e8-c490-44ca-983d-f5e639078a5d/main.jpg,Mid,3
1,-3.680557750730097,40.42110795674615,800,data_main/f96dbbca-e4cb-44bf-8081-4f7545979ce1/main.jpg,High,13
2,-3.7013772230560367,40.42019974167522,600,data_main/f9af7f39-346d-404f-9e5b-2a3e26b90c16/main.jpg,High,10
1,-8.28163888888889,43.46441666666667,1000,data_main/f9ebdec2-724f-4dab-935b-106c31b9f87e/main.jpg,Mid,10
2,-3.696724106180927,40.41934499059586,700,data_main/f9edfd08-3e0e-41a4-8d16-91169d6ec554/main.jpg,High,10
1,15.941633300000037,40.7971909,1000,data_main/f9f07f3a-f20f-4cf8-98a9-9cd4a78e0073/main.jpg,High,3
2,-3.710290337398356,40.42260479210528,600,data_main/fa04ca75-085e-4e5d-ad79-8d45207e1260/main.jpg,High,10
2,-3.6781809696302,40.41214890878916,600,data_main/fa0f280f-22dd-441c-b2f0-5a7aaf912e8c/main.jpg,Mid,13
1,8.870311300000026,41.7450114,1000,data_main/fa52b963-b24c-4a00-8214-40e9d1ecb418/main.jpg,Low,4
2,-3.665677708004308,40.38841057529685,600,data_main/faa653a6-381c-4c29-afcb-9208785eab62/main.jpg,Low,13
2,-3.7392138475239847,40.41253155943198,600,data_main/fab78fc7-272b-47e7-b5d7-1711a0867551/main.jpg,Low,13
2,-3.690111141238981,40.41586211635765,600,data_main/fac3a177-8d8a-4be3-93b0-50ceb86ed768/main.jpg,Low,13
2,-3.706959077187231,40.418158551935534,600,data_main/fac8552b-fbb6-407f-b460-8a1d76ffbccf/main.jpg,Mid,10
2,-3.713999137413993,40.408807122817706,700,data_main/fb2732c9-5396-472f-943c-68eed1e51b5f/main.jpg,High,10
1,-3.698232260828004,40.41507846711226,500,data_main/fb2849b3-91c7-45ae-b6c6-b01096b8bacc/main.jpg,Mid,0
2,-3.6274238665646017,40.37089451261486,700,data_main/fb416645-6603-4f57-be66-66b5800af9c7/main.jpg,Low,13
1,0.8879366999999547,52.2247577,1000,data_main/fb41c189-6d0a-488b-8c82-95dad97567f7/main.jpg,Mid,4
1,-8.022472222222223,42.57691666666667,1000,data_main/fb5b9ee2-32bc-4ee0-bc5d-c5ccfbd8ee83/main.jpg,Mid,10
2,-3.726492009829868,40.43621583999591,700,data_main/fb86f399-e233-4c2e-99bd-f07ad184c67b/main.jpg,Low,13
2,-3.6779924296541946,40.41450137812112,700,data_main/fb8a24cf-18f3-474e-907b-20138a6be981/main.jpg,Low,13
2,-3.584671881140041,40.44948771515711,600,data_main/fb8e36ca-29b3-42ce-ab95-213af60725f0/main.jpg,Mid,10
2,-3.779372266368464,40.52371356289907,700,data_main/fbb921ee-9d74-4e66-8459-40e77fa491a0/main.jpg,High,10
2,-3.681532395264785,40.42119268639031,700,data_main/fbd880b1-bcdc-485c-bc99-4806f5f64020/main.jpg,Low,12
1,-3.724882628824376,40.42688359606853,800,data_main/fbde8e1e-e782-4cb2-aded-9ef5b850eb57/main.jpg,Low,13
1,-3.711061057617866,40.427509974454416,800,data_main/fc940dba-0fcb-4741-a5d9-0f73e34fdd35/main.jpg,Mid,10
1,-9.031361111111112,43.11108333333333,1000,data_main/fca4581d-29b6-4244-ab09-83aecdfd090a/main.jpg,High,10
1,3.016340127070324,39.87561061406058,500,data_main/fca4f4df-e662-4f83-b452-055dfa209947/main.jpg,High,0
2,-3.704671815133326,40.416242757285886,600,data_main/fcc3b5be-b254-4c05-aaef-e8bf1eb6bab7/main.jpg,Mid,10
2,-3.692685351649598,40.40811484380652,250,data_main/fcea4bd6-4778-4819-be83-f4267a39b98c/main.jpg,High,0
3,-3.6523920038806894,40.41206306614659,400,data_main/fcf17ed1-c33f-41dd-a08e-53991920a14c/main.jpg,Low,13
1,-7.685527777777778,42.41719444444444,1000,data_main/fcf33a2d-644a-4914-82c7-cd0481e97caa/main.jpg,Mid,10
1,-3.6945565999999417,40.4079189,1000,data_main/fd1fc8b0-7f4c-458a-8ed5-623efdcd80de/main.jpg,High,6
1,-4.146407022424228,40.475662700668586,1000,data_main/fd25a9a0-526e-4582-82af-3bf51407fdf9/main.jpg,Mid,2
3,-3.677979527480413,40.415564522058965,500,data_main/fd453308-5238-4417-a5b3-f4c37e3be8ca/main.jpg,Mid,13
1,-4.418093213404683,36.72192943739737,500,data_main/fd4db929-344c-48af-9e51-12370574f299/main.jpg,Mid,5
2,-3.714565481554507,40.40552432837757,600,data_main/fd4ea398-02fa-4691-a1de-2e7326e21101/main.jpg,Low,13
2,-3.6775678151430817,40.41329665394614,600,data_main/fd63a8e0-1498-48a0-949f-07f6a735787c/main.jpg,Mid,12
2,-3.704450270043164,40.445847748554144,700,data_main/fde49026-e261-42da-8832-fbeb73dfb136/main.jpg,High,10
4,-3.649547640895282,40.472907978358464,300,data_main/fde4c7fe-49a7-44f9-ad46-1947e56f9ae9/main.jpg,Low,13
1,21.1596321,49.6546159,1000,data_main/fde6f250-9196-4ca8-8351-a9e8b15a63b6/main.jpg,High,6
2,-3.691631460644112,40.47091546164332,600,data_main/fe01183c-f427-4ac0-a98c-67130af347df/main.jpg,Low,13
2,-3.734628837220863,40.38649757472014,600,data_main/fe26064a-a567-48f5-8320-da174170395f/main.jpg,High,12
1,0.0276599000000032,42.1722337,1000,data_main/fe43599b-894a-4ac8-ba66-aa5bb8b6a656/main.jpg,Mid,7
1,19.0480248,47.55308489999999,1000,data_main/fe4eb35e-f41b-437a-89d9-c182b83f3378/main.jpg,High,5
2,-3.766690753518929,40.398829713774425,700,data_main/fee3d22f-d8d6-4b46-a4b6-6bb6f6bf5531/main.jpg,High,13
2,-3.686086936263232,40.48031843328338,600,data_main/fee42e4f-8b58-4d2e-9e8a-104405331f3a/main.jpg,Low,13
1,-3.696576042868583,40.41641794374934,900,data_main/ff00820a-6d8d-459a-925a-44c7cd4be244/main.jpg,Mid,10
2,-3.693781984341337,40.4105673503608,600,data_main/ff13bc88-d0a3-4bd2-9bc6-c29db4f76ab1/main.jpg,Mid,10
2,-3.697892849039001,40.41951812230061,600,data_main/ff2508bb-5afe-4261-9539-5521fde82f0e/main.jpg,Mid,10
2,-3.714321599596437,40.42035472377147,700,data_main/ff3d9c03-40cf-461a-83fc-0488a33ec80b/main.jpg,Low,13
1,-3.711679406011085,40.41683046685208,800,data_main/ff490e88-893c-4809-aea3-d912a496174d/main.jpg,Mid,13
1,-3.692886415492097,40.41638606030815,800,data_main/ff653020-3908-421f-84cb-bcb599daf11b/main.jpg,High,13
3,-3.61446032571974,40.4307800102152,500,data_main/ff6cd3f4-d16b-465f-974f-9637310ff423/main.jpg,Low,13
2,-3.6787210909601713,40.41311871747994,600,data_main/ff709d1e-aca8-4371-89d7-906734d9bd96/main.jpg,Mid,13
1,84.67649640000002,51.3973929,1000,data_main/ff732b74-e687-4d73-bcdd-fe2d5c024619/main.jpg,High,4
2,-4.418139515838226,36.72192437535021,250,data_main/ff7fc94e-f578-4aa5-9fa4-6237d56fb500/main.jpg,High,8
2,-3.709135568642842,40.422647917090806,600,data_main/ff864690-aa3d-4cb8-bbf6-090265070be4/main.jpg,Mid,10
2,-3.703963997106734,40.413922735577806,600,data_main/ff8bdc36-0a86-496e-afdd-1ccb3fe698e8/main.jpg,High,10
2,-3.7106157111470615,40.38188230129181,600,data_main/ffa33c34-9ac3-4ff2-b9ea-a3af828cf0a2/main.jpg,High,10
1,-3.687894703273321,40.41965292860097,900,data_main/ffa5b2e8-30fb-41d7-b0fa-aaa7d8815baf/main.jpg,High,10
1,15.28820769999993,49.9617225,1000,data_main/ffd48a7d-f1f7-425c-9c52-fa534cc82167/main.jpg,High,5
2,-58.38382071471775,-34.598991649760016,250,data_main/fff93208-7e0a-405c-90c8-2a6a99f1df8f/main.jpg,High,1
